name,release_date,metascore,user_score,genre,clusters_kmeans,clusters_dbscans,clusters_aggregate_clustering
The Legend of Zelda: Breath of the Wild,"March 3, 2017",97,87,Action Adventure,12,-1,14
Super Mario Odyssey,"October 27, 2017",97,89,Action,2,-1,1
The House in Fata Morgana - Dreams of the Revenants Edition -,"April 9, 2021",96,86,Adventure,12,-1,3
The Legend of Zelda: Tears of the Kingdom,"May 12, 2023",95,87,Action Adventure,12,-1,14
Tetris Effect: Connected,"October 8, 2021",94,79,Puzzle,12,-1,0
Metroid Prime Remastered,"February 8, 2023",94,88,Action,2,0,1
Persona 5 Royal,"October 21, 2022",94,84,Role-Playing,13,-1,2
Hades,"September 17, 2020",93,90,Role-Playing,13,-1,2
Divinity: Original Sin II - Definitive Edition,"September 4, 2019",93,84,Role-Playing,13,1,2
Ori and the Will of the Wisps,"September 17, 2020",93,87,Action,2,0,1
Undertale,"September 18, 2018",93,82,Role-Playing,13,1,2
Super Smash Bros. Ultimate,"December 7, 2018",93,86,Action,2,0,1
Celeste,"January 25, 2018",92,86,Action,2,0,1
Xenoblade Chronicles 3: Expansion Pass Wave 4 - Future Redeemed,"April 25, 2023",92,91,Role-Playing,13,-1,2
Bayonetta 2,"February 16, 2018",92,86,Action Adventure,12,-1,14
Mario Kart 8 Deluxe,"April 28, 2017",92,86,Racing,12,-1,0
INSIDE,"June 28, 2018",91,86,Action,2,0,1
Dragon Quest XI S: Echoes of an Elusive Age - Definitive Edition,"September 27, 2019",91,86,Role-Playing,13,1,2
Sonic Mania Plus,"July 17, 2018",91,87,Action,2,0,1
SteamWorld Heist: Ultimate Edition,"December 28, 2017",91,82,Strategy,12,-1,13
Shovel Knight: Treasure Trove,"March 3, 2017",91,83,Action,2,0,1
Animal Crossing: New Horizons,"March 20, 2020",90,56,Simulation,8,-1,4
Persona 4 Golden,"January 19, 2023",90,84,Role-Playing,13,1,2
Ori and the Blind Forest: Definitive Edition,"September 27, 2019",90,85,Action,2,0,1
Bastion,"September 13, 2018",90,76,Role-Playing,13,1,2
Hollow Knight,"June 12, 2018",90,90,Action,2,0,1
Chained Echoes,"December 8, 2022",90,88,Role-Playing,13,1,2
Chicory: A Colorful Tale,"December 15, 2021",90,70,Adventure,5,-1,3
Xenoblade Chronicles: Definitive Edition,"May 29, 2020",89,88,Role-Playing,13,1,2
Dead Cells,"August 7, 2018",89,84,Action,2,0,1
Into the Breach,"August 28, 2018",89,79,Strategy,12,4,13
Super Mario 3D World + Bowser's Fury,"February 12, 2021",89,87,Action,2,0,1
Xenoblade Chronicles 3,"July 29, 2022",89,85,Role-Playing,13,1,2
Fire Emblem: Three Houses,"July 26, 2019",89,88,Strategy,12,-1,13
NieR: Automata - The End of YoRHa Edition,"October 6, 2022",89,69,Role-Playing,13,-1,2
Okami HD,"August 9, 2018",89,84,Action Adventure,12,3,14
Death's Door,"November 23, 2021",89,81,Action Adventure,12,3,14
A Short Hike,"August 18, 2020",88,85,Adventure,12,2,3
Neon White,"June 16, 2022",88,78,Action,2,0,1
DUSK,"October 28, 2021",88,82,Action,2,0,1
Hyper Light Drifter,"September 6, 2018",88,79,Role-Playing,13,1,2
Tunic,"September 27, 2022",88,85,Role-Playing,13,1,2
Cuphead in the Delicious Last Course,"June 30, 2022",88,83,Action,2,0,1
13 Sentinels: Aegis Rim,"April 12, 2022",88,88,Adventure,12,2,3
What Remains of Edith Finch,"July 4, 2019",88,78,Adventure,5,2,3
Fez,"April 14, 2021",88,68,Action,2,0,1
Metroid Dread,"October 8, 2021",88,87,Action,2,0,1
Super Mario Maker 2,"June 28, 2019",88,85,Action,2,0,1
Monster Hunter Rise,"March 26, 2021",88,68,Role-Playing,13,-1,2
Downwell,"January 31, 2019",88,73,Action,2,0,1
Diablo III: Eternal Collection,"November 2, 2018",88,74,Role-Playing,13,1,2
SteamWorld Dig 2,"September 21, 2017",88,85,Action,2,0,1
Ikaruga,"May 29, 2018",88,78,Action,2,0,1
Cave Story +,"June 20, 2017",88,79,Action,2,0,1
Stardew Valley,"October 5, 2017",87,87,Role-Playing,13,1,2
Inscryption,"December 1, 2022",87,82,Strategy,12,4,13
Quake Remastered,"August 19, 2021",87,84,Action,2,0,1
Cuphead,"April 17, 2019",87,84,Action,2,0,1
The Stanley Parable: Ultra Deluxe,"April 27, 2022",87,82,Adventure,5,2,3
Astral Chain,"August 30, 2019",87,89,Action Adventure,12,3,14
Dragon Ball FighterZ,"September 28, 2018",87,78,Action,2,0,1
Kentucky Route Zero: TV Edition,"January 28, 2020",87,72,Adventure,5,2,3
Guacamelee! 2,"December 10, 2018",87,83,Action,2,0,1
Enter the Gungeon,"December 14, 2017",87,80,Action,2,0,1
The Legend of Zelda: Link's Awakening,"September 20, 2019",87,84,Action Adventure,12,3,14
Super Mega Baseball 3,"May 13, 2020",87,80,Sports,12,-1,0
Two Point Campus,"August 9, 2022",87,67,Strategy,12,-1,13
Tinykin,"August 30, 2022",87,84,Action,2,0,1
Teenage Mutant Ninja Turtles: Shredder's Revenge,"June 16, 2022",87,82,Action,2,0,1
Theatrhythm Final Bar Line,"February 16, 2023",87,73,Action,2,0,1
OlliOlli World,"February 8, 2022",87,73,Action,2,0,1
Axiom Verge,"October 5, 2017",87,82,Action,2,0,1
Grindstone,"December 15, 2020",87,74,Puzzle,10,5,0
Katamari Damacy REROLL,"December 7, 2018",87,78,Action Adventure,12,3,14
Owlboy,"February 13, 2018",87,74,Action Adventure,12,3,14
Velocity 2X,"September 20, 2018",87,82,Action,2,0,1
There is no game : Wrong dimension,"April 14, 2021",87,80,Adventure,5,2,3
Iconoclasts,"August 2, 2018",87,77,Action,2,0,1
The Last Friend,"April 7, 2022",86,76,Strategy,12,4,13
Bustafellows,"July 30, 2021",86,64,Adventure,5,-1,3
Rocket League,"November 14, 2017",86,78,Sports,12,-1,0
Overboard!,"June 2, 2021",86,78,Adventure,5,2,3
The Messenger,"August 30, 2018",86,84,Action,2,0,1
Disco Elysium: The Final Cut,"October 12, 2021",86,83,Role-Playing,13,1,2
Unpacking,"November 2, 2021",86,72,Puzzle,10,5,0
Donkey Kong Country: Tropical Freeze,"May 4, 2018",86,86,Action,2,0,1
Monster Boy and the Cursed Kingdom,"December 4, 2018",86,81,Action,2,0,1
Transistor,"November 1, 2018",86,80,Role-Playing,13,1,2
Bayonetta 3,"October 28, 2022",86,72,Action Adventure,12,3,14
Minecraft,"June 21, 2018",86,74,Action Adventure,12,3,14
Shantae and the Pirate's Curse,"March 20, 2018",86,80,Action,2,0,1
Guacamelee! Super Turbo Championship Edition,"October 8, 2018",86,79,Action,2,0,1
The Legend of Heroes: Trails from Zero,"September 27, 2022",86,81,Role-Playing,13,1,2
Star Wars Pinball,"September 13, 2019",86,74,Action,2,0,1
Sid Meier's Civilization VI,"November 16, 2018",86,74,Strategy,12,-1,13
Mario + Rabbids Sparks of Hope,"October 20, 2022",86,76,Strategy,12,4,13
Crypt of the NecroDancer: Nintendo Switch Edition,"February 1, 2018",86,70,Action,2,0,1
Warframe,"November 20, 2018",86,81,Action,2,0,1
Luigi's Mansion 3,"October 31, 2019",86,84,Action Adventure,12,3,14
AI: The Somnium Files,"September 17, 2019",86,88,Action Adventure,12,3,14
The Legend of Heroes: Trails to Azure,"March 14, 2023",86,81,Role-Playing,13,1,2
Assault Android Cactus+,"March 8, 2019",86,82,Action,2,0,1
Sumire,"May 27, 2021",86,77,Adventure,5,2,3
Huntdown,"May 12, 2020",86,83,Action,2,0,1
BlazBlue: Central Fiction - Special Edition,"February 7, 2019",86,80,Action,2,0,1
Sonic Mania,"August 15, 2017",86,87,Action,2,0,1
Mini Metro,"August 30, 2018",86,82,Strategy,12,4,13
Cadence of Hyrule: Crypt of the NecroDancer Featuring The Legend of Zelda,"June 13, 2019",85,80,Action,2,0,1
Thumper,"May 18, 2017",85,80,Action,2,0,1
Kingdom Two Crowns,"December 11, 2018",85,73,Action,2,0,1
Blaster Master Zero II,"March 20, 2019",85,85,Action,2,0,1
Final Fantasy XII: The Zodiac Age,"April 30, 2019",85,82,Role-Playing,13,1,2
Slay the Spire,"June 6, 2019",85,82,Strategy,12,4,13
Bug Fables: The Everlasting Sapling,"May 28, 2020",85,84,Action Adventure,12,3,14
Night in the Woods,"February 1, 2018",85,76,Action Adventure,12,3,14
The Binding of Isaac: Afterbirth +,"March 17, 2017",85,83,Action,2,0,1
Mario Kart 8 Deluxe: Booster Course Pass - Wave 4,"March 9, 2023",85,78,Racing,12,-1,0
Easy Come Easy Golf,"September 13, 2022",85,57,Sports,8,-1,4
The Witcher 3: Wild Hunt - Complete Edition,"October 15, 2019",85,84,Role-Playing,13,1,2
Monster Hunter Rise: Sunbreak,"June 30, 2022",85,37,Role-Playing,8,-1,4
Two Point Hospital,"February 25, 2020",85,82,Simulation,12,-1,0
Tony Hawk's Pro Skater 1 + 2,"June 25, 2021",85,75,Sports,12,-1,0
Doki Doki Literature Club Plus!,"June 30, 2021",85,84,Adventure,5,2,3
Pikmin 3 Deluxe,"October 30, 2020",85,86,Strategy,12,4,13
Dragon Quest Builders 2,"July 12, 2019",85,83,Role-Playing,13,1,2
Heroes of Hammerwatch - Ultimate Edition,"July 29, 2020",85,75,Role-Playing,13,1,2
West of Loathing,"May 31, 2018",85,79,Role-Playing,13,1,2
Return to Monkey Island,"September 19, 2022",85,76,Adventure,5,2,3
Kirby and the Forgotten Land,"March 25, 2022",85,88,Action,2,0,1
A Space For The Unbound,"January 19, 2023",85,78,Adventure,5,2,3
Tangle Tower,"October 22, 2019",85,77,Action,2,0,1
Steins;Gate Elite,"February 19, 2019",85,80,Action,2,0,1
Darkest Dungeon,"January 18, 2018",85,81,Role-Playing,13,1,2
Mutant Mudds Collection,"December 14, 2017",85,82,Action,2,0,1
NeuroVoider,"September 7, 2017",85,78,Action,2,0,1
Shovel Knight Dig,"September 23, 2022",85,72,Action,2,0,1
Octopath Traveler II,"February 24, 2023",85,81,Role-Playing,13,1,2
Mario + Rabbids: Kingdom Battle,"August 29, 2017",85,83,Action,2,0,1
Disgaea 4 Complete+,"October 29, 2019",85,72,Strategy,12,-1,13
Tactics Ogre: Reborn,"November 11, 2022",84,55,Strategy,8,-1,4
Keep Talking and Nobody Explodes,"August 16, 2018",84,78,Adventure,5,2,3
Shantae: Half-Genie Hero - Ultimate Edition,"May 8, 2018",84,79,Action,2,0,1
Lonely Mountains: Downhill,"May 7, 2020",84,76,Sports,12,-1,0
Thronebreaker: The Witcher Tales,"January 28, 2020",84,73,Strategy,12,4,13
Shin Megami Tensei V,"November 12, 2021",84,75,Role-Playing,13,1,2
Valkyria Chronicles,"October 16, 2018",84,81,Strategy,12,4,13
Shovel Knight: Specter of Torment,"March 3, 2017",84,81,Action,2,0,1
80 DAYS,"October 1, 2019",84,78,Adventure,5,2,3
WHAT THE GOLF?,"May 21, 2020",84,82,Sports,12,-1,0
PowerWash Simulator,"January 31, 2023",84,54,Simulation,8,-1,4
Toki Tori 2 +,"February 23, 2018",84,79,Puzzle,10,5,0
Bayonetta,"February 16, 2018",84,84,Action Adventure,12,3,14
Rayman Legends: Definitive Edition,"September 12, 2017",84,84,Action,2,0,1
SNK vs. Capcom: Card Fighters' Clash,"January 12, 2022",84,50,Strategy,8,-1,4
The Elder Scrolls V: Skyrim,"November 17, 2017",84,83,Role-Playing,13,1,2
Mushihimesama,"June 15, 2021",84,77,Action,2,0,1
Child of Light,"October 11, 2018",84,82,Role-Playing,13,1,2
Beacon Pines,"September 22, 2022",84,82,Adventure,5,2,3
AI: The Somnium Files - nirvanA Initiative,"June 24, 2022",84,81,Action Adventure,12,3,14
Lovers in a Dangerous Spacetime,"October 3, 2017",84,81,Action,2,0,1
The Legend of Heroes: Trails of Cold Steel III,"June 30, 2020",84,81,Role-Playing,13,1,2
Infernax,"February 14, 2022",84,76,Action,2,0,1
"Snipperclips Plus: Cut It Out, Together!","November 10, 2017",84,80,Puzzle,10,5,0
Danmaku Unlimited 3,"March 13, 2018",84,81,Action,2,0,1
Sega Ages: Fantasy Zone,"January 23, 2020",84,82,Action,2,0,1
Baba Is You,"March 13, 2019",84,80,Action Adventure,12,3,14
Lil Gator Game,"December 14, 2022",84,83,Adventure,5,2,3
Sayonara Wild Hearts,"September 19, 2019",84,82,Action,2,0,1
Loop Hero,"December 9, 2021",84,75,Role-Playing,13,1,2
Spiritfarer,"August 18, 2020",84,83,Action Adventure,12,3,14
Timespinner,"June 4, 2019",84,73,Action,2,0,1
Ape Out,"February 28, 2019",84,64,Action,2,0,1
DREDGE,"March 30, 2023",84,82,Adventure,5,2,3
To the Moon,"January 16, 2020",84,81,Adventure,5,2,3
Sega Ages: OutRun,"January 10, 2019",84,79,Racing,12,-1,0
Retro Bowl,"February 10, 2022",84,73,Sports,12,-1,0
ENDER LILIES: Quietus of the Knights,"June 22, 2021",84,81,Action,2,0,1
It Takes Two,"November 4, 2022",84,88,Action Adventure,12,3,14
Super Meat Boy,"January 11, 2018",84,80,Action,2,0,1
Ni no Kuni: Wrath of the White Witch,"September 20, 2019",84,77,Role-Playing,13,1,2
World of Goo,"March 16, 2017",84,77,Puzzle,10,5,0
Just Shapes & Beats,"May 31, 2018",83,84,Action,2,0,1
VA-11 Hall-A: Cyberpunk Bartender Action,"May 2, 2019",83,79,Simulation,12,-1,0
Lumines Remastered,"June 26, 2018",83,81,Puzzle,10,5,0
Fortnite,"June 12, 2018",83,49,Action,8,-1,6
Tetris 99,"February 13, 2019",83,81,Puzzle,10,5,0
Tales of Vesperia: Definitive Edition,"January 11, 2019",83,77,Role-Playing,13,1,2
Alien: Isolation,"December 5, 2019",83,86,Action Adventure,12,3,14
Nobody Saves the World,"April 14, 2022",83,80,Role-Playing,13,1,2
Splatoon 3,"September 9, 2022",83,68,Action,2,0,1
Mario Kart 8 Deluxe: Booster Course Pass - Wave 3,"December 7, 2022",83,75,Racing,12,-1,0
Duck Game,"May 1, 2019",83,80,Action,2,0,1
Splatoon 2,"July 21, 2017",83,84,Action,2,0,1
Knockout City,"May 21, 2021",83,54,Action,8,-1,6
Knights and Bikes,"February 6, 2020",83,55,Action Adventure,8,-1,4
Shovel Knight: King of Cards,"December 10, 2019",83,80,Action,2,0,1
The Banner Saga 3,"July 26, 2018",83,81,Strategy,12,4,13
Cupid Parasite,"November 2, 2021",83,63,Adventure,5,2,3
Moonlighter,"November 5, 2018",83,78,Role-Playing,13,1,2
GRIS,"December 13, 2018",83,85,Action,2,0,1
UnderMine,"February 11, 2021",83,77,Action,2,0,1
LIMBO,"June 28, 2018",83,81,Action,2,0,1
Xenoblade Chronicles 2,"December 1, 2017",83,85,Role-Playing,13,1,2
Record of Lodoss War: Deedlit in Wonder Labyrinth,"January 28, 2022",83,73,Action,2,0,1
Dark Souls Remastered,"October 19, 2018",83,81,Role-Playing,13,1,2
Citizen Sleeper,"May 5, 2022",83,79,Role-Playing,13,1,2
Pokemon Legends: Arceus,"January 28, 2022",83,81,Role-Playing,13,1,2
Overcooked! 2: Surf 'n' Turf,"October 3, 2018",83,71,Action,2,0,1
Chicken Police - Paint it RED!,"November 5, 2020",83,72,Adventure,5,2,3
Triangle Strategy,"March 4, 2022",83,80,Strategy,12,4,13
Sega Ages: Sonic the Hedgehog 2,"February 20, 2020",83,79,Action,2,0,1
Gorogoa,"December 14, 2017",83,79,Puzzle,10,5,0
Katana ZERO,"April 17, 2019",83,85,Action,2,0,1
Killer Queen Black,"October 11, 2019",83,81,Action,2,0,1
Star Wars: Knights of the Old Republic,"November 11, 2021",83,75,Role-Playing,13,1,2
Splasher,"October 26, 2017",83,82,Action,2,0,1
Dynasty Warriors 8: Xtreme Legends - Definitive Edition,"December 27, 2018",83,90,Action,2,0,1
The Last Campfire,"August 27, 2020",83,76,Puzzle,10,5,0
Flipping Death,"August 7, 2018",83,74,Action,2,0,1
Worms W.M.D,"November 23, 2017",83,75,Strategy,12,4,13
The Excavation of Hob's Barrow,"January 25, 2023",83,60,Adventure,5,-1,3
No Man's Sky,"October 7, 2022",83,83,Action Adventure,12,3,14
Code:Realize - Guardian of Rebirth,"February 6, 2020",83,68,Adventure,5,2,3
Reventure,"October 8, 2019",83,78,Action,2,0,1
Islets,"August 24, 2022",82,74,Action,2,0,1
Yoku's Island Express,"May 29, 2018",82,83,Action,2,0,1
No More Heroes,"October 28, 2020",82,81,Action,2,0,1
Atelier Ryza 3: Alchemist of the End & the Secret Key,"March 24, 2023",82,94,Role-Playing,13,-1,2
Pinball FX3,"December 12, 2017",82,78,Action,2,0,1
Dorfromantik,"September 29, 2022",82,70,Strategy,9,4,13
Lost in Play,"August 10, 2022",82,73,Adventure,5,2,3
Flat Heroes,"August 2, 2018",82,86,Action,2,0,1
Advance Wars 1 + 2: Re-Boot Camp,"April 21, 2023",82,82,Strategy,12,4,13
Horizon Chase Turbo,"November 28, 2018",82,82,Racing,12,-1,0
CrossCode,"July 9, 2020",82,77,Role-Playing,13,1,2
Ruiner,"June 18, 2020",82,78,Action,2,0,1
No More Heroes 2: Desperate Struggle,"October 28, 2020",82,80,Action,2,0,1
Mario + Rabbids: Kingdom Battle - Donkey Kong Adventure,"June 26, 2018",82,82,Strategy,12,4,13
Azure Striker Gunvolt 3,"July 28, 2022",82,81,Action,2,0,1
Tadpole Treble Encore,"January 21, 2021",82,78,Adventure,5,2,3
Valkyria Chronicles 4,"September 25, 2018",82,84,Strategy,12,4,13
Dreamscaper,"August 5, 2021",82,66,Role-Playing,4,1,2
Shadowverse: Champion's Battle,"August 10, 2021",82,79,Strategy,12,4,13
Sega Ages: Virtua Racing,"June 27, 2019",82,79,Racing,12,-1,0
Bloodstained: Curse of the Moon 2,"July 10, 2020",82,84,Action,2,0,1
LEGO Star Wars: The Skywalker Saga,"April 5, 2022",82,74,Action Adventure,3,3,14
Sky: Children of the Light,"June 29, 2021",82,68,Action Adventure,3,3,14
Under Night In-Birth Exe:Late[cl-r],"February 20, 2020",82,79,Action,2,0,1
Terraria,"June 27, 2019",82,82,Action Adventure,12,3,14
Swords & Soldiers II: Shawarmageddon,"March 1, 2019",82,82,Strategy,12,4,13
Salt and Sanctuary,"August 2, 2018",82,79,Action,2,0,1
Vectronom,"May 29, 2019",82,74,Puzzle,10,5,0
Astalon: Tears of the Earth,"June 3, 2021",82,56,Action,8,-1,6
Slime-san,"June 8, 2017",82,80,Action Adventure,12,3,14
Little Nightmares II,"February 11, 2021",82,82,Action Adventure,12,3,14
Horace,"October 21, 2020",82,78,Adventure,5,2,3
The Mageseeker: A League of Legends Story,"April 18, 2023",82,56,Role-Playing,8,-1,2
Animal Crossing: New Horizons - Happy Home Paradise,"November 5, 2021",82,79,Simulation,12,-1,0
Devil May Cry 3: Special Edition,"February 20, 2020",82,78,Action Adventure,12,3,14
Ib,"March 9, 2023",82,73,Action Adventure,3,3,14
Endling - Extinction is Forever,"July 19, 2022",82,79,Action Adventure,12,3,14
NEO: The World Ends With You,"July 27, 2021",82,84,Role-Playing,13,1,2
Splatoon 2: Octo Expansion,"June 13, 2018",82,85,Action,2,0,1
Bloodstained: Curse of the Moon,"May 24, 2018",82,83,Action,2,0,1
Lunistice,"November 10, 2022",82,52,Action,8,-1,6
Freedom Planet,"August 30, 2018",82,79,Action,2,0,1
Ys VIII: Lacrimosa of DANA,"June 26, 2018",82,86,Role-Playing,13,1,2
Ys Origin,"October 1, 2020",82,80,Role-Playing,13,1,2
Thimbleweed Park,"September 21, 2017",82,82,Adventure,5,2,3
Pillars of Eternity: Complete Edition,"August 8, 2019",82,27,Role-Playing,11,-1,11
Toki Tori,"March 30, 2018",82,78,Puzzle,10,5,0
Gnosia,"March 4, 2021",82,82,Adventure,5,2,3
Shantae: Half-Genie Hero,"June 8, 2017",82,76,Action,2,0,1
Victor Vran: Overkill Edition,"August 28, 2018",82,79,Role-Playing,13,1,2
Cyber Shadow,"January 26, 2021",82,75,Action,2,0,1
Unravel Two,"March 22, 2019",82,79,Action,2,0,1
Captain Toad: Treasure Tracker,"July 13, 2018",82,79,Puzzle,10,5,0
Wandersong,"September 27, 2018",82,82,Action,2,0,1
RIVE: Ultimate Edition,"November 17, 2017",82,77,Action,2,0,1
Fuga: Melodies of Steel,"July 29, 2021",82,81,Role-Playing,13,1,2
Final Fantasy VII,"March 26, 2019",81,77,Role-Playing,13,1,2
Umurangi Generation,"June 5, 2021",81,69,Adventure,5,2,3
Dragon Quest Builders,"February 9, 2018",81,80,Action Adventure,12,3,14
Cytus Alpha,"April 25, 2019",81,75,Action,2,0,1
Disgaea 5 Complete,"May 23, 2017",81,82,Strategy,12,4,13
Live A Live,"July 22, 2022",81,74,Role-Playing,13,1,2
Super One More Jump,"January 25, 2018",81,82,Action,2,0,1
Oxenfree,"October 6, 2017",81,76,Action Adventure,3,3,14
Tokyo Mirage Sessions #FE Encore,"January 17, 2020",81,62,Role-Playing,4,-1,2
Teslagrad,"December 7, 2017",81,80,Action,2,0,1
Paradise Killer,"September 4, 2020",81,79,Adventure,5,2,3
The Lion's Song,"July 10, 2018",81,79,Adventure,5,2,3
Overcooked! 2,"August 7, 2018",81,78,Action,2,0,1
Cotton Reboot!,"July 20, 2021",81,76,Action,2,0,1
Aviary Attorney: Definitive Edition,"January 30, 2020",81,80,Adventure,5,2,3
VOEZ,"March 9, 2017",81,80,Action,2,0,1
Untitled Goose Game,"September 20, 2019",81,75,Simulation,9,-1,0
Persona 3 Portable,"January 19, 2023",81,64,Role-Playing,4,1,2
Persona 4 Arena Ultimax,"March 17, 2022",81,65,Action,0,0,1
Dodgeball Academia,"August 5, 2021",81,82,Sports,12,-1,0
Everhood,"March 4, 2021",81,77,Action Adventure,3,3,14
Operencia: The Stolen Sun,"March 31, 2020",81,77,Role-Playing,13,1,2
Wunderling,"March 5, 2020",81,80,Action,2,0,1
Rune Factory 4 Special,"February 25, 2020",81,83,Role-Playing,13,1,2
WindJammers,"October 23, 2018",81,81,Sports,12,-1,0
The Legend of Heroes: Trails of Cold Steel IV,"April 9, 2021",81,76,Role-Playing,13,1,2
Okinawa Rush,"October 28, 2021",81,83,Action,2,0,1
Torchlight II,"September 3, 2019",81,82,Role-Playing,13,1,2
Dungeon Encounters,"October 14, 2021",81,66,Role-Playing,4,1,2
Going Under,"September 24, 2020",81,71,Action Adventure,3,3,14
Puyo Puyo Tetris,"April 25, 2017",81,81,Puzzle,10,5,0
SIFU,"November 8, 2022",81,74,Action,2,0,1
Captain Toad: Treasure Tracker - Special Episode,"March 14, 2019",81,82,Puzzle,10,5,0
The Legend of Zelda: Skyward Sword HD,"July 16, 2021",81,72,Action Adventure,3,3,14
Embracelet,"September 24, 2020",81,76,Adventure,5,2,3
Bayonetta Origins: Cereza and the Lost Demon,"March 17, 2023",81,87,Action Adventure,12,3,14
Littlewood,"February 25, 2021",81,80,Adventure,5,2,3
Pocky & Rocky Reshrined,"June 24, 2022",81,83,Action,2,0,1
Fast RMX,"March 3, 2017",81,79,Racing,12,-1,0
Persona 5 Strikers,"February 23, 2021",81,82,Role-Playing,13,1,2
Rainbow Billy: The Curse of the Leviathan,"October 5, 2021",81,56,Action,8,-1,6
Gunvolt Chronicles: Luminous Avenger iX,"September 26, 2019",81,80,Action,2,0,1
Arise: A Simple Story - Definitive Edition,"April 28, 2022",81,80,Adventure,5,2,3
Dungeons of Dreadrock,"May 12, 2022",81,74,Action Adventure,3,3,14
Winds of Change,"June 3, 2021",81,80,Adventure,5,2,3
Genesis Noir,"March 26, 2021",81,68,Adventure,5,2,3
Nowhere Prophet,"July 30, 2020",81,63,Strategy,9,-1,4
The Darkside Detective,"February 7, 2018",81,82,Adventure,5,2,3
Ruined King: A League of Legends Story,"November 16, 2021",81,71,Role-Playing,13,1,2
SteamWorld Quest: Hand of Gilgamech,"April 25, 2019",81,77,Strategy,12,4,13
Songbird Symphony,"July 25, 2019",81,78,Action,2,0,1
The Legend of Zelda: Breath of the Wild - The Champions' Ballad,"December 7, 2017",81,85,Action Adventure,12,3,14
BoxBoy! + BoxGirl!,"April 26, 2019",81,80,Puzzle,10,5,0
Battle Chef Brigade,"November 20, 2017",81,81,Action,2,0,1
AVICII Invector Encore Edition,"September 8, 2020",81,80,Action,2,0,1
Yooka-Laylee and the Impossible Lair,"October 8, 2019",81,77,Action,2,0,1
Catherine: Full Body,"July 7, 2020",80,81,Action Adventure,3,3,14
Fire Emblem Warriors: Three Hopes,"June 24, 2022",80,89,Strategy,12,4,13
The Red Strings Club,"March 14, 2019",80,76,Adventure,5,2,3
Rogue Legacy,"November 6, 2018",80,79,Action,2,0,1
Crash Team Racing: Nitro-Fueled,"June 21, 2019",80,64,Racing,9,-1,0
Atelier Sophie 2: The Alchemist of the Mysterious Dream,"February 25, 2022",80,91,Role-Playing,13,1,2
ABZU,"November 29, 2018",80,77,Adventure,5,2,3
Yomawari: Lost in the Dark,"October 25, 2022",80,76,Action Adventure,3,3,14
Vitamin Connection,"January 17, 2020",80,81,Action,2,0,1
Children of Morta,"November 20, 2019",80,83,Role-Playing,13,1,2
"Snipperclips - Cut it out, together!","March 3, 2017",80,82,Puzzle,10,5,0
Resident Evil 4,"May 21, 2019",80,85,Action Adventure,12,3,14
Trine 4: The Nightmare Prince,"October 8, 2019",80,78,Action,2,0,1
Pinball FX3: Bethesda Pinball,"April 4, 2018",80,80,Action,2,0,1
Fire Emblem Engage,"January 20, 2023",80,66,Strategy,9,-1,4
N++,"May 24, 2018",80,77,Action,2,0,1
Sakuna: Of Rice and Ruin,"November 10, 2020",80,83,Role-Playing,13,1,2
Crown Trick,"October 16, 2020",80,77,Role-Playing,13,1,2
The Banner Saga 1,"May 17, 2018",80,80,Strategy,12,4,13
Pokemon Sword / Shield Dual Pack,"November 15, 2019",80,44,Role-Playing,8,-1,4
New Super Mario Bros. U Deluxe,"January 11, 2019",80,70,Action,0,0,1
Xenoblade Chronicles 2: Torna ~ The Golden Country,"September 14, 2018",80,85,Role-Playing,13,1,2
South Park: The Fractured But Whole,"April 24, 2018",80,78,Role-Playing,13,1,2
Final Fantasy VIII Remastered,"September 3, 2019",80,71,Role-Playing,4,1,2
OkunoKA,"November 30, 2018",80,77,Action,2,0,1
The Banner Saga 2,"June 7, 2018",80,83,Strategy,12,4,13
Pokemon Shield,"November 15, 2019",80,47,Role-Playing,8,-1,4
Zombie Army 4: Dead War,"April 26, 2022",80,71,Action,0,0,1
The End Is Nigh,"December 12, 2017",80,81,Action,2,0,1
Ironcast,"August 10, 2017",80,79,Puzzle,10,5,0
DOOM Eternal,"December 8, 2020",80,86,Action,2,0,1
Monster Hunter Generations Ultimate,"August 28, 2018",80,84,Role-Playing,13,1,2
Alba: a Wildlife Adventure,"June 9, 2021",80,78,Adventure,5,2,3
Tales from the Borderlands: A Telltale Game Series,"March 23, 2021",80,89,Adventure,5,-1,3
ScourgeBringer,"October 21, 2020",80,68,Action,0,0,1
Mr. Driller: Drill Land,"June 25, 2020",80,74,Puzzle,10,5,0
Resident Evil,"May 21, 2019",80,84,Action Adventure,12,3,14
Blazing Beaks,"May 10, 2019",80,78,Action,2,0,1
Mega Man 11,"October 2, 2018",80,75,Action,0,0,1
Ni no Kuni II: Revenant Kingdom - Prince's Edition,"September 17, 2021",80,82,Role-Playing,13,1,2
This War of Mine: Complete Edition,"November 27, 2018",80,84,Strategy,12,4,13
Puyo Puyo Tetris 2,"December 8, 2020",80,82,Puzzle,10,5,0
Rogue Aces,"April 12, 2018",80,76,Action,2,0,1
Blaster Master Zero III,"July 29, 2021",80,82,Action Adventure,3,3,14
Pokemon Sword,"November 15, 2019",80,47,Role-Playing,8,-1,4
Fuser,"November 9, 2020",80,70,Action,0,0,1
Blossom Tales: The Sleeping King,"December 21, 2017",80,78,Action Adventure,3,3,14
Atelier Ryza 2: Lost Legends & the Secret Fairy,"January 26, 2021",80,87,Role-Playing,13,1,2
Telling Lies,"April 28, 2020",80,64,Adventure,5,2,3
"Pokemon: Let's Go, Eevee!","November 16, 2018",80,64,Role-Playing,4,1,2
Crash Bandicoot 4: It's About Time,"March 12, 2021",80,79,Action,2,0,1
Alwa's Legacy,"September 29, 2020",80,84,Action,2,0,1
Aaero: Complete Edition,"December 24, 2018",80,80,Action,2,0,1
Skullgirls: 2nd Encore,"October 22, 2019",80,79,Action,2,0,1
Pac-Man Championship Edition 2 Plus,"February 22, 2018",80,74,Action,0,0,1
Hellblade: Senua's Sacrifice,"April 11, 2019",80,74,Action Adventure,3,3,14
Paper Mario: The Origami King,"July 17, 2020",80,70,Role-Playing,4,1,2
Battle Chasers: Nightwar,"May 15, 2018",80,79,Role-Playing,13,1,2
Sam & Max: Beyond Time and Space Remastered,"December 8, 2021",80,77,Adventure,5,2,3
VVVVVV,"November 17, 2017",80,81,Action,2,0,1
Taiko no Tatsujin: Rhythm Festival,"September 23, 2022",80,78,Action,2,0,1
Signs of the Sojourner,"March 18, 2021",80,28,Strategy,11,-1,11
If Found...,"October 22, 2020",80,77,Adventure,5,2,3
Minit,"August 9, 2018",80,80,Adventure,5,2,3
Layers of Fear: Legacy,"February 21, 2018",80,72,Adventure,5,2,3
Wide Ocean Big Jacket,"February 4, 2020",79,72,Adventure,5,2,3
Indivisible,"April 28, 2020",79,74,Role-Playing,13,1,2
Shantae and the Seven Sirens,"May 28, 2020",79,79,Action,2,0,1
Valfaris,"October 10, 2019",79,81,Action,2,0,1
Voice of Cards: The Forsaken Maiden,"February 17, 2022",79,61,Strategy,9,-1,4
Tormented Souls,"April 14, 2022",79,67,Action Adventure,3,3,14
Tangledeep,"January 31, 2019",79,77,Role-Playing,13,1,2
Slayaway Camp: Butcher's Cut,"March 22, 2018",79,79,Puzzle,10,5,0
Detention,"March 1, 2018",79,82,Adventure,5,2,3
GoNNER,"June 29, 2017",79,73,Action,0,0,1
Naruto Shippuden: Ultimate Ninja Storm 4 - Road to Boruto,"April 24, 2020",79,78,Action,0,0,1
Yoshi's Crafted World,"March 28, 2019",79,79,Action,2,0,1
Cafe Enchante,"November 5, 2020",79,72,Adventure,5,2,3
Brothers: A Tale of Two Sons,"May 28, 2019",79,79,Action Adventure,3,3,14
Among Us,"December 15, 2020",79,65,Action Adventure,3,3,14
The Ninja Saviors: Return of the Warriors,"October 15, 2019",79,77,Action,0,0,1
Stories Untold,"January 16, 2020",79,75,Adventure,5,2,3
Scott Pilgrim vs. the World: The Game - Complete Edition,"January 14, 2021",79,72,Action,0,0,1
Kaze and the Wild Masks,"March 26, 2021",79,82,Action,2,0,1
Shin-chan: Me and the Professor on Summer Vacation - The Endless Seven-Day Journey,"August 11, 2022",79,70,Adventure,5,2,3
The Touryst,"November 21, 2019",79,79,Action Adventure,3,3,14
Little Nightmares: Complete Edition,"May 18, 2018",79,80,Action Adventure,3,3,14
Hatsune Miku: Project Diva MegaMix,"May 15, 2020",79,86,Action,2,0,1
Arena of Valor,"September 25, 2018",79,68,Strategy,9,4,4
Pokken Tournament DX,"September 22, 2017",79,73,Action,0,0,1
Subsurface Circular,"March 1, 2018",79,79,Adventure,5,2,3
Carto,"October 27, 2020",79,66,Strategy,9,-1,4
Crystal Crisis,"May 28, 2019",79,75,Puzzle,10,5,0
When The Past Was Around,"December 15, 2020",79,74,Adventure,5,2,3
Runbow,"July 3, 2018",79,70,Action,0,0,1
New Pokemon Snap,"April 30, 2021",79,69,Action,0,0,1
Kirby's Return to Dream Land Deluxe,"February 24, 2023",79,88,Action,2,0,1
Sniper Elite 4,"November 17, 2020",79,85,Action,2,0,1
Kingdom Hearts: Melody of Memory,"November 13, 2020",79,80,Action,2,0,1
Steins;Gate 0,"December 10, 2019",79,87,Adventure,5,2,3
Death Road to Canada,"May 8, 2018",79,76,Action,0,0,1
"Pokemon: Let's Go, Pikachu!","November 16, 2018",79,63,Role-Playing,4,1,2
Blazing Chrome,"July 11, 2019",79,79,Action,2,0,1
The Next Penelope,"December 21, 2017",79,72,Action,0,0,1
TOEM,"September 17, 2021",79,68,Adventure,5,2,3
Yu-Gi-Oh! Legacy of the Duelist: Link Evolution,"August 20, 2019",79,78,Strategy,9,4,13
Joe Dever's Lone Wolf,"February 16, 2018",79,79,Action,2,0,1
Fight'N Rage,"September 26, 2019",79,78,Action,0,0,1
Mad Rat Dead,"October 30, 2020",79,80,Action,2,0,1
Bleed 2,"March 8, 2018",79,77,Action,0,0,1
Outlast 2,"March 27, 2018",79,75,Action Adventure,3,3,14
Cult of the Lamb,"August 11, 2022",79,56,Action Adventure,8,-1,4
DOOM,"November 10, 2017",79,85,Action,2,0,1
I Am Dead,"October 8, 2020",79,71,Adventure,5,2,3
F.I.S.T.: Forged In Shadow Torch,"July 12, 2022",79,65,Action,0,0,1
River City Girls,"September 5, 2019",79,71,Action,0,0,1
Deru - The Art of Cooperation,"November 7, 2018",79,80,Puzzle,10,5,0
Steredenn: Binary Stars,"March 8, 2018",79,78,Action,0,0,1
L.A. Noire,"November 14, 2017",79,81,Action Adventure,3,3,14
Neon Abyss,"July 14, 2020",79,60,Action,14,0,6
Wonder Boy: The Dragon's Trap,"April 18, 2017",79,79,Action,2,0,1
Wolfenstein II: The New Colossus,"June 29, 2018",79,75,Action,0,0,1
World of Final Fantasy Maxima,"November 6, 2018",79,82,Role-Playing,13,1,2
World End Syndrome,"May 2, 2019",79,80,Adventure,5,2,3
GRID Autosport,"September 19, 2019",79,83,Racing,12,-1,0
Agent A: A Puzzle In Disguise,"August 29, 2019",79,76,Puzzle,10,5,0
Sega Ages: Puyo Puyo 2,"February 20, 2020",79,78,Puzzle,10,5,0
BlazBlue: Cross Tag Battle,"June 5, 2018",79,76,Action,0,0,1
Skies of Fury DX,"April 12, 2018",79,73,Simulation,9,-1,0
The Gardens Between,"September 20, 2018",79,79,Adventure,5,2,3
Mechstermination Force,"April 3, 2019",79,68,Action,0,0,1
Golf Story,"September 28, 2017",78,82,Action Adventure,3,3,14
SNK vs. Capcom: Match of the Millennium,"February 17, 2021",78,75,Action,0,0,1
Aokana - Four Rhythms Across the Blue,"August 21, 2020",78,74,Adventure,5,2,3
Octahedron: Transfixed Edition,"January 17, 2019",78,76,Action,0,0,1
River City Girls 2,"December 15, 2022",78,48,Action,8,-1,6
Cotton Fantasy,"May 20, 2022",78,87,Action,2,0,1
Mortal Kombat 11,"April 23, 2019",78,40,Action,8,-1,9
Hyrule Warriors: Age of Calamity,"November 20, 2020",78,79,Action,0,0,1
Unbound: Worlds Apart,"July 28, 2021",78,76,Action,0,0,1
DARQ: Complete Edition,"March 18, 2021",78,76,Action Adventure,3,3,14
Ibb & Obb,"March 5, 2020",78,71,Puzzle,10,5,0
Atelier Lulua: The Scion of Arland,"May 21, 2019",78,72,Role-Playing,4,1,2
TumbleSeed,"May 2, 2017",78,75,Action,0,0,1
WindJammers 2,"January 20, 2022",78,74,Sports,9,-1,0
Murder by Numbers,"March 5, 2020",78,75,Adventure,5,2,3
Vengeful Guardian: Moonrider,"January 12, 2023",78,84,Action,2,0,1
Golf Peaks,"March 14, 2019",78,77,Sports,9,-1,0
In Other Waters,"April 3, 2020",78,63,Adventure,5,2,3
Musynx,"June 19, 2018",78,77,Action,0,0,1
Blaster Master Zero,"March 9, 2017",78,76,Action,0,0,1
Full Metal Furies,"November 6, 2018",78,75,Action,0,0,1
Burnout Paradise Remastered,"June 19, 2020",78,79,Racing,9,-1,0
CastleStorm,"August 16, 2018",78,74,Strategy,9,4,13
Part Time UFO,"October 28, 2020",78,75,Action,0,0,1
Forager,"July 30, 2019",78,67,Action Adventure,3,3,14
Not Tonight: Take Back Control Edition,"January 31, 2020",78,58,Strategy,8,-1,4
Once Upon a Jester...,"November 9, 2022",78,68,Adventure,5,2,3
ANNO: Mutationem,"September 1, 2022",78,70,Action,0,0,1
Samurai Warriors 5,"July 27, 2021",78,80,Action,0,0,1
Curse of the Dead Gods,"February 23, 2021",78,78,Role-Playing,13,1,2
Dragon's Dogma: Dark Arisen,"April 23, 2019",78,82,Role-Playing,13,1,2
My Friend Pedro,"June 20, 2019",78,78,Action,0,0,1
Taiko no Tatsujin: Drum 'n' Fun!,"November 2, 2018",78,80,Action,0,0,1
Shinsekai: Into the Depths,"March 26, 2020",78,83,Action,2,0,1
Sega Ages: Shinobi,"January 23, 2020",78,85,Action,2,0,1
Cosmic Star Heroine,"August 14, 2018",78,74,Role-Playing,4,1,2
Puzzle Quest: The Legend Returns,"September 19, 2019",78,75,Puzzle,10,5,0
Dying Light: Platinum Edition,"October 19, 2021",78,83,Action Adventure,3,3,14
Resident Evil: Revelations,"November 28, 2017",78,80,Action Adventure,3,3,14
Rogue Heroes: Ruins of Tasos,"February 23, 2021",78,80,Role-Playing,13,1,2
Nelly Cootalot: The Fowl Fleet,"July 11, 2019",78,80,Adventure,5,2,3
Chrono Cross: The Radical Dreamers Edition,"April 7, 2022",78,42,Role-Playing,8,-1,4
Eastward,"September 16, 2021",78,77,Role-Playing,13,1,2
LEGO City Undercover,"April 4, 2017",78,78,Action Adventure,3,3,14
Sol Cresta,"February 22, 2022",78,74,Action,0,0,1
PixelJunk Eden 2,"December 10, 2020",78,80,Action,0,0,1
Never Give Up,"August 13, 2019",78,80,Action,0,0,1
ATOMIK: RunGunJumpGun,"February 8, 2018",78,79,Action,0,0,1
Lost in Random,"September 10, 2021",78,75,Action Adventure,3,3,14
The Legend of Zelda: Breath of the Wild - The Master Trials,"June 30, 2017",78,77,Action Adventure,3,3,14
Bugsnax,"April 28, 2022",78,78,Action Adventure,3,3,14
Life is Strange: True Colors,"December 7, 2021",78,75,Action Adventure,3,3,14
Dandy Dungeon: Legend of Brave Yamada,"June 27, 2019",78,77,Puzzle,10,5,0
Good Job!,"March 26, 2020",78,80,Puzzle,10,5,0
Lost Words: Beyond the Page,"April 6, 2021",78,80,Action,0,0,1
Blue Reflection: Second Light,"November 9, 2021",78,85,Role-Playing,13,1,2
Trials Rising,"February 26, 2019",78,76,Racing,9,-1,0
Hyrule Warriors: Definitive Edition,"May 18, 2018",78,79,Action,0,0,1
EVERSPACE: Stellar Edition,"December 11, 2018",78,76,Simulation,9,-1,0
Have a Nice Death,"March 22, 2023",78,75,Action,0,0,1
Olija,"January 28, 2021",78,70,Action,0,0,1
Death's Gambit: Afterlife,"September 30, 2021",78,81,Action,0,0,1
Dragon Ball Z: Kakarot + A New Power Awakens Set,"September 24, 2021",78,80,Role-Playing,13,1,2
Haven,"February 4, 2021",78,63,Adventure,5,2,3
Wingspan,"December 29, 2020",78,73,Strategy,9,4,13
Piofiore: Fated Memories,"October 8, 2020",78,73,Action,0,0,1
Inmost,"August 21, 2020",78,78,Action,0,0,1
Depixtion,"February 28, 2020",78,83,Puzzle,10,5,0
Graceful Explosion Machine,"April 6, 2017",77,79,Action,0,0,1
Story of Seasons: Friends of Mineral Town,"July 14, 2020",77,79,Strategy,9,4,13
Tiny Barbarian DX,"October 10, 2017",77,77,Action,0,0,10
Pawarumi,"July 24, 2019",77,79,Action,0,0,1
Blossom Tales 2: The Minotaur Prince,"August 16, 2022",77,80,Action Adventure,3,3,14
Touhou Spell Bubble,"October 29, 2020",77,66,Puzzle,10,5,0
1979 Revolution: Black Friday,"August 2, 2018",77,71,Adventure,5,2,3
Crisis Core: Final Fantasy VII Reunion,"December 13, 2022",77,81,Role-Playing,13,1,2
Cat Quest II,"October 24, 2019",77,81,Action,0,0,1
Flashback,"June 17, 2018",77,78,Action,0,0,1
Blasphemous,"September 10, 2019",77,78,Action,0,0,1
XCOM 2 Collection,"May 29, 2020",77,66,Strategy,9,4,4
Gunvolt Chronicles: Luminous Avenger iX 2,"January 27, 2022",77,74,Action,0,0,1
Bomb Chicken,"July 12, 2018",77,77,Action,0,0,10
The Adventure Pals,"April 3, 2018",77,77,Action,0,0,10
Ittle Dew 2+,"November 14, 2017",77,78,Role-Playing,13,1,2
Super Crush K.O.,"January 16, 2020",77,78,Action,0,0,1
Digimon Survive,"July 29, 2022",77,73,Role-Playing,4,1,2
Darksiders II: Deathinitive Edition,"September 26, 2019",77,83,Action Adventure,3,3,14
Golf Club: Wasteland,"September 3, 2021",77,79,Adventure,5,2,3
The Turing Test,"February 7, 2020",77,60,Action,14,0,6
Lumo,"November 14, 2017",77,73,Action,0,0,1
ARMS,"June 16, 2017",77,72,Action,0,0,1
ITTA,"April 22, 2020",77,78,Action,0,0,1
20XX,"July 10, 2018",77,76,Action,0,0,10
Diablo II: Resurrected,"September 23, 2021",77,28,Role-Playing,11,-1,11
Oddworld: Abe's Oddysee - New 'n' Tasty,"October 27, 2020",77,76,Action,0,0,10
Ion Fury,"May 14, 2020",77,71,Action,0,0,10
My Memory of Us,"January 24, 2019",77,74,Action,0,0,1
Outlast: Bundle of Terror,"February 27, 2018",77,83,Action Adventure,3,3,14
Human Resource Machine,"March 16, 2017",77,76,Puzzle,10,5,0
The Centennial Case: A Shijima Story,"May 12, 2022",77,50,Adventure,8,-1,4
moon,"August 27, 2020",77,80,Role-Playing,13,1,2
Just Dance 2023 Edition,"November 22, 2022",77,53,Action,8,0,6
Pure Pool,"November 17, 2020",77,58,Sports,8,-1,4
Panzer Paladin,"July 21, 2020",77,74,Action,0,0,1
Grow: Song of the Evertree,"November 16, 2021",77,76,Action Adventure,3,3,14
Valiant Hearts: The Great War,"November 8, 2018",77,80,Action,0,0,1
Mario Kart 8 Deluxe: Booster Course Pass - Wave 2,"August 4, 2022",77,74,Racing,9,-1,0
Northgard,"September 26, 2019",77,76,Strategy,9,4,13
Overcooked!: Special Edition,"July 27, 2017",77,77,Action,0,0,10
The World Ends with You: Final Remix,"October 12, 2018",77,73,Role-Playing,4,1,2
Moving Out,"April 28, 2020",77,71,Simulation,9,-1,0
The Book of Unwritten Tales 2,"February 5, 2019",77,79,Adventure,5,2,3
Football Manager Touch 2018,"April 13, 2018",77,68,Sports,9,-1,0
Mantis Burn Racing,"November 23, 2017",77,78,Racing,9,-1,0
Tiny Metal: Full Metal Rumble,"July 11, 2019",77,75,Strategy,9,4,13
Darksiders: Warmastered Edition,"April 2, 2019",77,80,Action Adventure,3,3,14
Bravely Default II,"February 26, 2021",76,79,Role-Playing,4,1,2
New Super Lucky's Tale,"November 8, 2019",76,78,Action,0,0,10
DOOM 64,"March 20, 2020",76,84,Action,0,0,1
Disgaea 1 Complete,"October 9, 2018",76,78,Strategy,9,4,13
Grapple Dog,"February 10, 2022",76,70,Action,0,0,10
Carrion,"July 23, 2020",76,81,Action,0,0,1
OPUS: Echo of Starsong - Full Bloom Edition,"May 11, 2022",76,77,Adventure,5,2,3
Journey of the Broken Circle,"September 18, 2020",76,68,Adventure,5,2,3
The Long Dark,"September 17, 2020",76,56,Action Adventure,8,-1,4
For the King,"May 9, 2019",76,64,Role-Playing,4,1,2
inbento,"March 12, 2020",76,84,Puzzle,10,5,0
Wizard of Legend,"May 15, 2018",76,77,Role-Playing,4,1,2
Voice of Cards: The Isle Dragon Roars,"October 28, 2021",76,80,Strategy,9,4,13
Hob: The Definitive Edition,"April 3, 2019",76,74,Action,0,0,1
She Remembered Caterpillars,"March 28, 2019",76,71,Puzzle,10,5,0
Last Day of June,"March 16, 2018",76,76,Adventure,5,2,3
Save me Mr Tako: Definitive Edition,"May 5, 2021",76,55,Action,8,0,6
Demon Turf,"November 4, 2021",76,69,Action,0,0,10
LEGO Builder's Journey,"June 22, 2021",76,76,Action,0,0,10
Creature in the Well,"September 6, 2019",76,75,Action Adventure,3,3,8
Young Souls,"March 10, 2022",76,53,Action,8,0,6
Super Chariot,"May 10, 2018",76,77,Action,0,0,10
Gal Guardians: Demon Purge,"February 23, 2023",76,78,Action,0,0,10
Friday the 13th: Killer Puzzle,"October 25, 2018",76,75,Puzzle,10,5,0
Axiom Verge 2,"August 11, 2021",76,73,Action,0,0,1
Brigandine: The Legend of Runersia,"June 25, 2020",76,82,Role-Playing,13,1,2
Old School Musical,"September 13, 2018",76,76,Action,0,0,10
Masters of Anima,"April 10, 2018",76,68,Strategy,9,4,4
Syberia,"October 20, 2017",76,74,Adventure,5,2,3
Piczle Lines DX,"August 24, 2017",76,78,Puzzle,10,5,0
ACA NeoGeo: Metal Slug 3,"March 9, 2017",76,76,Action,0,0,10
Sushi Striker: The Way of Sushido,"June 8, 2018",76,77,Puzzle,10,5,0
Fantasy Strike,"July 25, 2019",76,75,Action,0,0,10
SuperEpic: The Entertainment War,"December 12, 2019",76,77,Action,0,0,10
Sundered: Eldritch Edition,"December 21, 2018",76,75,Action,0,0,10
Final Fantasy IX,"February 13, 2019",76,76,Role-Playing,4,1,2
Bombslinger,"April 11, 2018",76,71,Puzzle,10,5,0
Mighty Gunvolt Burst,"June 15, 2017",76,77,Action,0,0,10
Fury Unleashed,"May 8, 2020",76,76,Action,0,0,10
Subnautica: Below Zero,"May 14, 2021",76,45,Action Adventure,8,-1,4
Embers of Mirrim,"December 7, 2017",76,78,Action,0,0,10
Pikuniku,"January 24, 2019",76,76,Puzzle,10,5,0
The Caligula Effect 2,"October 19, 2021",76,64,Role-Playing,4,1,2
Wasteland 2: Director's Cut,"September 13, 2018",76,74,Role-Playing,4,1,2
One Piece: Pirate Warriors 3 - Deluxe Edition,"May 10, 2018",76,82,Action,0,0,1
Planet Alpha,"September 4, 2018",76,71,Action,0,0,10
Voice of Cards: The Beasts of Burden,"September 13, 2022",76,49,Strategy,8,-1,4
Pode,"June 21, 2018",76,75,Adventure,5,2,3
Pac-Man 99,"April 7, 2021",76,77,Action,0,0,10
Necrobarista: Final Pour,"August 11, 2021",76,77,Action,0,0,10
The Swords of Ditto: Mormo's Curse,"May 2, 2019",76,71,Role-Playing,4,1,2
Wulverblade,"October 12, 2017",76,75,Action,0,0,10
Ys IX: Monstrum Nox,"July 6, 2021",76,80,Role-Playing,13,1,2
Langrisser I & II,"March 10, 2020",76,73,Strategy,9,4,13
A Hat in Time,"October 18, 2019",76,81,Action,0,0,1
LEGO Marvel Super Heroes 2,"November 14, 2017",76,70,Action,0,0,10
Temtem,"September 6, 2022",76,66,Role-Playing,4,1,2
Floor Kids,"December 7, 2017",76,75,Action,0,0,10
Shin Megami Tensei III: Nocturne HD Remaster,"May 25, 2021",75,81,Role-Playing,4,1,2
Trigger Witch,"July 29, 2021",75,70,Action,0,0,10
Smelter,"April 22, 2021",75,68,Action,0,0,10
Superliminal,"July 7, 2020",75,96,Adventure,5,-1,3
Unruly Heroes,"January 23, 2019",75,74,Action,0,0,10
Mary Skelter 2,"October 22, 2019",75,78,Role-Playing,4,1,2
Sam & Max Save the World Remastered,"December 2, 2020",75,49,Adventure,8,-1,4
SteamWorld Dig: A Fistful of Dirt,"February 1, 2018",75,78,Action,0,0,10
SnowRunner,"May 18, 2021",75,61,Simulation,8,-1,0
Silence,"April 10, 2019",75,71,Adventure,5,2,3
Dragon Ball: Xenoverse 2,"September 22, 2017",75,75,Action,0,0,10
Cursed to Golf,"August 18, 2022",75,73,Sports,9,-1,0
Mario Kart Live: Home Circuit,"October 16, 2020",75,72,Racing,9,-1,0
Pokemon Sword / Shield: The Crown Tundra,"October 22, 2020",75,71,Role-Playing,4,1,2
Sparklite,"November 14, 2019",75,77,Action Adventure,3,3,8
Mario Tennis Aces,"June 22, 2018",75,70,Sports,9,-1,0
LEGO DC Super-Villains,"October 16, 2018",75,75,Action Adventure,3,3,8
Samurai Shodown,"February 25, 2020",75,76,Action,0,0,10
Rock of Ages 2: Bigger & Boulder,"May 14, 2019",75,80,Action,0,0,10
Observer,"February 7, 2019",75,72,Adventure,5,2,3
The Mummy Demastered,"October 24, 2017",75,72,Action,0,0,10
Trinity Trigger,"April 25, 2023",75,80,Role-Playing,4,1,2
Manifold Garden,"August 18, 2020",75,80,Action Adventure,3,3,8
Bomber Crew,"July 10, 2018",75,83,Simulation,9,-1,0
Coromon,"July 21, 2022",75,78,Role-Playing,4,1,2
Cattails,"November 29, 2018",75,67,Role-Playing,4,1,2
Figment,"June 28, 2018",75,75,Action,0,0,10
Blade Strangers,"August 28, 2018",75,79,Action,0,0,10
Yooka-Laylee,"December 14, 2017",75,72,Action,0,0,10
Road 96,"August 16, 2021",75,78,Adventure,5,2,3
Shiren The Wanderer: The Tower of Fortune and the Dice of Fate,"December 2, 2020",75,81,Role-Playing,4,1,2
Death Come True,"June 24, 2020",75,36,Adventure,11,-1,11
Candleman,"October 3, 2019",75,80,Action,0,0,10
Headliner: NoviNews,"September 5, 2019",75,76,Adventure,5,2,3
We. The Revolution,"June 25, 2019",75,67,Adventure,5,2,3
X-Morph: Defense,"February 21, 2019",75,85,Strategy,9,-1,13
City of Brass,"February 8, 2019",75,66,Action Adventure,3,3,8
Labyrinth of Refrain: Coven of Dusk,"September 18, 2018",75,79,Role-Playing,4,1,2
Bulb Boy,"July 6, 2017",75,73,Adventure,5,2,3
ToeJam & Earl: Back in the Groove!,"February 15, 2019",75,62,Action,14,0,6
Ayo the Clown,"July 28, 2021",75,64,Action,14,0,6
Very Very Valet,"May 25, 2021",75,75,Simulation,9,-1,0
Willy Jetman: Astromonkey's Revenge,"January 31, 2020",75,75,Action Adventure,3,3,8
Fire Emblem: Three Houses - Side Story: Cindered Shadows,"February 13, 2020",75,82,Strategy,9,4,13
ISLANDERS: Console Edition,"August 11, 2021",75,68,Strategy,9,4,4
Jurassic World Evolution: Complete Edition,"November 3, 2020",75,77,Strategy,9,4,13
I Am Setsuna,"March 3, 2017",75,75,Role-Playing,4,1,2
Bloodroots,"February 28, 2020",75,71,Action,0,0,10
Ministry of Broadcast,"April 30, 2020",75,79,Action,0,0,10
Another World,"July 9, 2018",75,79,Action,0,0,10
Steel Assault,"September 28, 2021",75,74,Action,0,0,10
Ultra Kaiju Monster Rancher,"October 20, 2022",75,94,Role-Playing,13,-1,2
Nidhogg 2,"November 22, 2018",75,80,Action,0,0,10
Shovel Knight Showdown,"December 10, 2019",75,73,Action,0,0,10
No More Heroes III,"August 27, 2021",75,82,Action Adventure,3,3,14
Shakedown Hawaii,"May 7, 2019",75,74,Action Adventure,3,3,8
Pocket Rumble,"July 5, 2018",75,75,Action,0,0,10
Doraemon: Story of Seasons,"October 11, 2019",75,76,Strategy,9,4,13
Black Future '88,"November 21, 2019",75,74,Action,0,0,10
Bleed,"December 14, 2017",75,74,Action,0,0,10
The Flame in the Flood,"October 12, 2017",75,74,Action Adventure,3,3,8
Super Mario Bros. 35,"October 1, 2020",75,76,Action,0,0,10
The Stretchers,"November 8, 2019",75,72,Action,0,0,10
Broken Sword 5 - The Serpent's Curse,"September 21, 2018",75,75,Adventure,5,2,3
Overland,"September 19, 2019",75,67,Strategy,9,4,4
Pato Box,"July 9, 2018",74,75,Sports,9,-1,0
Ghosts 'n Goblins Resurrection,"February 25, 2021",74,68,Action,0,0,10
Tricky Towers,"October 11, 2018",74,75,Puzzle,10,5,0
Aegis Defenders,"February 8, 2018",74,70,Role-Playing,4,1,2
Furi,"January 11, 2018",74,72,Action,0,0,10
Neo Cab,"October 3, 2019",74,68,Adventure,5,2,3
Sky Force Reloaded,"February 1, 2018",74,75,Action,0,0,10
Narita Boy,"March 30, 2021",74,72,Action Adventure,3,3,8
Lode Runner Legacy,"March 29, 2018",74,75,Puzzle,10,5,0
Portal Knights,"November 22, 2017",74,74,Action,0,0,10
ActRaiser Renaissance,"September 23, 2021",74,77,Action Adventure,3,3,8
Darksiders Genesis,"February 14, 2020",74,77,Role-Playing,4,1,2
The Raven Remastered,"January 22, 2019",74,68,Adventure,5,2,3
The Room,"October 18, 2018",74,80,Adventure,5,2,3
ICEY,"May 31, 2018",74,78,Action,0,0,10
Hotshot Racing,"September 10, 2020",74,67,Racing,9,-1,0
Semblance,"July 24, 2018",74,72,Action,0,0,10
Starlink: Battle for Atlas,"October 16, 2018",74,78,Simulation,9,-1,0
MindSeize,"September 29, 2020",74,80,Action,0,0,10
The Coma 2: Vicious Sisters,"June 19, 2020",74,68,Action Adventure,3,3,8
Immortal Redneck,"May 10, 2018",74,73,Action,0,0,10
Monster Sanctuary,"December 8, 2020",74,79,Action Adventure,3,3,8
Devil May Cry,"June 24, 2019",74,78,Action Adventure,3,3,8
void tRrLM(); //Void Terrarium,"July 14, 2020",74,70,Role-Playing,4,1,2
Alder's Blood,"March 13, 2020",74,74,Strategy,9,4,13
Mighty Goose,"June 5, 2021",74,75,Action,0,0,10
Famicom Detective Club: The Girl Who Stands Behind,"May 14, 2021",74,71,Adventure,5,2,3
Tesla vs Lovecraft,"March 16, 2018",74,73,Action,0,0,10
Battle Brothers,"March 11, 2021",74,81,Strategy,9,4,13
Shadow Bug,"March 30, 2018",74,60,Action,14,0,6
Need for Speed: Hot Pursuit Remastered,"November 13, 2020",74,75,Racing,9,-1,0
Demon Slayer: Kimetsu no Yaiba - The Hinokami Chronicles,"June 10, 2022",74,67,Action,14,0,10
Jotun: Valhalla Edition,"April 27, 2018",74,64,Action,14,0,6
Trials of Mana,"April 24, 2020",74,78,Role-Playing,4,1,2
art of rally,"August 12, 2021",74,61,Racing,8,-1,0
Bloodstained: Ritual of the Night,"June 25, 2019",74,56,Action,14,0,6
Aqua Kitty UDX,"February 15, 2018",74,80,Action,0,0,10
NBA 2K18,"September 15, 2017",74,43,Sports,8,-1,4
Yonder: The Cloud Catcher Chronicles,"May 17, 2018",74,74,Action Adventure,3,3,8
Marble It Up!,"September 29, 2018",74,70,Action,0,0,10
Puyo Puyo Champions,"May 7, 2019",74,63,Puzzle,10,-1,0
We Are OFK,"August 18, 2022",74,21,Adventure,11,-1,11
Clustertruck,"March 15, 2018",74,62,Action,14,0,6
SUPERBEAT: XONiC,"November 21, 2017",74,75,Action,0,0,10
God Eater 3,"July 12, 2019",74,73,Role-Playing,4,1,2
Darkwood,"May 16, 2019",74,79,Action Adventure,3,3,8
Shantae,"April 22, 2021",74,76,Action,0,0,10
Giana Sisters: Twisted Dreams - Owltimate Edition,"September 25, 2018",74,76,Action,0,0,10
Ooblets,"September 1, 2022",74,67,Role-Playing,4,1,2
One Step From Eden,"March 26, 2020",74,72,Strategy,9,4,13
Coffee Talk,"January 29, 2020",74,77,Adventure,5,2,3
Turok,"March 18, 2019",74,79,Action,0,0,10
Implosion - Never Lose Hope,"July 6, 2017",74,79,Action,0,0,10
Plants vs. Zombies: Battle for Neighborville - Complete Edition,"March 19, 2021",74,76,Action,0,0,10
2064: Read Only Memories INTEGRAL,"July 26, 2018",74,65,Adventure,5,2,3
Fire Emblem Warriors,"October 20, 2017",74,77,Action,0,0,10
Kamiko,"April 27, 2017",74,75,Action Adventure,3,3,8
HYPERCHARGE: Unboxed,"January 31, 2020",74,82,Action,0,0,10
Cat Quest,"November 10, 2017",74,78,Role-Playing,4,1,2
The Alliance Alive HD Remastered,"October 8, 2019",74,70,Role-Playing,4,1,2
Afterparty,"March 6, 2020",74,66,Adventure,5,2,3
"Yes, Your Grace","June 26, 2020",74,70,Strategy,9,4,13
Just Dance 2020,"November 5, 2019",74,63,Action,14,0,6
Fate/Extella Link,"March 19, 2019",74,68,Action,0,0,10
Paladins: Champions of the Realm,"June 12, 2018",74,72,Action,0,0,10
Railway Empire: Switch Edition,"June 19, 2020",74,74,Strategy,9,4,13
Turnip Boy Commits Tax Evasion,"April 22, 2021",74,78,Action Adventure,3,3,8
Famicom Detective Club: The Missing Heir,"May 14, 2021",74,71,Adventure,5,2,3
Life is Strange 2,"February 2, 2023",74,13,Action Adventure,11,-1,11
Sega Ages: G-LOC Air Battle,"April 30, 2020",74,74,Simulation,9,-1,0
Overwhelm,"April 4, 2019",74,58,Action Adventure,8,-1,4
Harvestella,"November 4, 2022",73,40,Role-Playing,8,-1,4
The Cruel King and the Great Hero,"March 15, 2022",73,75,Role-Playing,4,1,2
Disc Jam,"February 8, 2018",73,76,Sports,9,-1,0
Aragami: Shadow Edition,"February 21, 2019",73,70,Action Adventure,3,3,8
A Normal Lost Phone,"March 1, 2018",73,70,Simulation,9,-1,0
Hot Wheels Unleashed,"September 30, 2021",73,78,Racing,9,-1,0
Ikenfell,"October 8, 2020",73,74,Role-Playing,4,1,2
Max: The Curse of Brotherhood,"December 21, 2017",73,71,Action Adventure,3,3,8
Sniper Elite III: Ultimate Edition,"October 1, 2019",73,65,Action,14,0,6
Death end re;Quest,"April 27, 2021",73,62,Role-Playing,4,1,2
KUNAI,"February 6, 2020",73,82,Action,0,0,10
Pang Adventures,"January 3, 2019",73,56,Action,14,0,6
Mom Hid My Game!,"December 21, 2017",73,71,Adventure,5,2,3
Dauntless,"December 10, 2019",73,49,Role-Playing,8,-1,4
Black Bird,"October 18, 2018",73,80,Action,0,0,10
SD Gundam Battle Alliance,"August 25, 2022",73,63,Role-Playing,4,1,2
Resident Evil: Revelations 2,"November 28, 2017",73,81,Action Adventure,3,3,8
Road Redemption,"November 6, 2018",73,56,Simulation,8,-1,0
Fatal Frame: Maiden of Black Water,"October 28, 2021",73,95,Action Adventure,3,-1,8
Kirby Star Allies,"March 16, 2018",73,74,Action,0,0,10
Farming Simulator: Nintendo Switch Edition,"November 7, 2017",73,73,Simulation,9,-1,0
The TakeOver,"June 4, 2020",73,77,Action,0,0,10
The Escapists 2,"January 11, 2018",73,66,Action,14,0,6
Pokemon Brilliant Diamond,"November 19, 2021",73,53,Role-Playing,8,-1,4
A Little To The Left,"November 9, 2022",73,60,Action,14,0,6
Dark Deity,"March 17, 2022",73,76,Role-Playing,4,1,2
John Wick Hex,"December 4, 2020",73,62,Strategy,9,-1,4
Moero Crystal H,"September 17, 2020",73,68,Role-Playing,4,1,2
NBA 2K20,"September 6, 2019",73,18,Sports,11,-1,11
Cinders,"February 14, 2019",73,72,Adventure,5,2,3
World to the West,"January 18, 2018",73,73,Action Adventure,3,3,8
"Bury me, my Love","January 10, 2019",73,49,Adventure,8,-1,4
Disgaea 6: Defiance of Destiny,"June 29, 2021",73,55,Role-Playing,8,-1,4
Late Shift,"April 26, 2018",73,65,Adventure,5,2,3
Storyteller,"March 23, 2023",73,56,Puzzle,8,-1,0
AER: Memories of Old,"August 28, 2019",73,66,Action Adventure,3,3,8
Marvel Ultimate Alliance 3: The Black Order,"July 19, 2019",73,72,Role-Playing,4,1,2
The Almost Gone,"June 25, 2020",73,56,Adventure,8,-1,4
Layton's Mystery Journey: Katrielle and The Millionaires' Conspiracy - Deluxe Edition,"November 8, 2019",73,68,Puzzle,10,5,0
Overwatch,"October 15, 2019",73,59,Action,14,0,6
Old Man's Journey,"February 20, 2018",73,64,Adventure,5,2,3
Monster Prom: XXL,"May 21, 2020",73,57,Adventure,8,-1,4
SNK Gals' Fighters,"April 29, 2020",73,71,Action,0,0,10
Earthlock,"March 8, 2018",73,66,Role-Playing,4,1,2
Mario Kart 8 Deluxe: Booster Course Pass - Wave 1,"March 18, 2022",73,68,Racing,9,-1,0
The Eternal Castle Remastered,"May 15, 2020",73,80,Adventure,5,2,3
Romancing SaGa 3,"November 11, 2019",73,76,Role-Playing,4,1,2
Mulaka,"March 1, 2018",73,72,Action Adventure,3,3,8
Werewolf: The Apocalypse - Heart of the Forest,"January 7, 2021",73,74,Role-Playing,4,1,2
Pokemon Shining Pearl,"November 19, 2021",73,55,Role-Playing,8,-1,4
Fatal Frame: Mask of the Lunar Eclipse,"March 9, 2023",73,90,Action Adventure,3,-1,8
Muse Dash,"June 20, 2019",73,73,Action,0,0,10
Pumpkin Jack,"October 23, 2020",73,81,Action,0,0,10
SpongeBob SquarePants: The Cosmic Shake,"January 31, 2023",73,76,Action,0,0,10
Yono and the Celestial Elephants,"October 12, 2017",73,71,Action Adventure,3,3,8
Garden Story,"August 11, 2021",73,77,Role-Playing,4,1,2
Mario Strikers: Battle League,"June 10, 2022",73,44,Sports,8,-1,4
Sludge Life,"June 2, 2021",73,72,Adventure,5,2,3
Dandara,"February 6, 2018",73,74,Action,0,0,10
Ghostrunner,"November 10, 2020",73,66,Action,14,0,6
Jay and Silent Bob: Mall Brawl,"May 7, 2020",73,74,Action,0,0,10
Ghostbusters: The Video Game Remastered,"October 4, 2019",73,68,Action,14,0,6
Hue,"June 6, 2019",73,64,Puzzle,10,-1,0
Dragon Quest Treasures,"December 9, 2022",72,61,Role-Playing,4,1,2
Mushroom Wars 2,"July 5, 2018",72,74,Strategy,9,4,13
Control: Ultimate Edition - Cloud Version,"October 28, 2020",72,57,Action Adventure,8,-1,4
Souldiers,"June 2, 2022",72,46,Action,8,-1,9
The Wonderful 101: Remastered,"May 19, 2020",72,75,Action,0,0,10
Just Dance 2022,"November 4, 2021",72,53,Action,8,0,6
"Warhammer 40,000: Mechanicus","July 17, 2020",72,67,Action,14,0,6
Regalia: Of Men and Monarchs - Royal Edition,"April 12, 2018",72,60,Strategy,8,-1,4
NAIRI: Tower of Shirin,"November 28, 2018",72,73,Puzzle,10,5,0
Zarvot,"October 18, 2018",72,70,Action,0,0,10
Layers of Fear 2,"May 20, 2021",72,64,Action Adventure,3,3,8
Red Faction: Guerrilla Re-Mars-tered,"July 2, 2019",72,65,Action,14,0,6
Boyfriend Dungeon,"August 11, 2021",72,67,Role-Playing,4,1,2
Kingdoms of Amalur: Re-Reckoning,"March 16, 2021",72,80,Role-Playing,4,1,2
Burly Men At Sea,"April 12, 2018",72,52,Adventure,8,-1,4
Semispheres,"September 14, 2017",72,70,Puzzle,10,5,0
Pokemon Scarlet,"November 18, 2022",72,33,Role-Playing,11,-1,4
Nintendo Switch Sports,"April 29, 2022",72,59,Sports,8,-1,9
Snake Pass,"March 28, 2017",72,74,Action Adventure,3,3,8
Grandia HD Collection,"August 16, 2019",72,73,Role-Playing,4,1,2
Skylanders Imaginators,"March 3, 2017",72,54,Action,14,0,6
Attack on Titan 2,"March 20, 2018",72,82,Action,0,0,10
Gato Roboto,"May 30, 2019",72,74,Action,0,0,10
Nickelodeon Kart Racers 2: Grand Prix,"October 6, 2020",72,72,Racing,9,-1,0
PGA Tour 2K21,"August 21, 2020",72,44,Sports,8,-1,4
When Ski Lifts Go Wrong,"January 23, 2019",72,17,Sports,11,-1,11
Super Daryl Deluxe,"April 10, 2018",72,73,Role-Playing,4,1,2
Yurukill: The Calumniation Games,"July 5, 2022",72,76,Action,0,0,10
Mail Mole,"March 4, 2021",72,66,Action,14,0,6
SILT,"June 1, 2022",72,60,Action Adventure,8,3,4
Flood of Light,"August 23, 2018",72,68,Adventure,5,2,3
Sky Racket,"March 17, 2020",72,70,Action,0,0,10
Batman: The Telltale Series,"November 14, 2017",72,78,Adventure,5,2,3
Oddworld: Stranger's Wrath HD,"January 23, 2020",72,77,Action Adventure,3,3,8
Candle: The Power of the Flame,"July 26, 2018",72,76,Action,0,0,10
The Count Lucanor,"October 19, 2017",72,75,Action Adventure,3,3,8
Smoke and Sacrifice,"May 31, 2018",72,67,Action Adventure,3,3,8
Pokemon Violet,"November 18, 2022",72,40,Role-Playing,8,-1,4
Just Dance 2019,"October 23, 2018",72,60,Action,14,0,6
Call of Juarez: Gunslinger,"December 10, 2019",72,81,Action,0,0,10
The Liar Princess and the Blind Prince,"February 12, 2019",72,72,Action,0,0,10
Cris Tales,"July 20, 2021",72,73,Role-Playing,4,1,2
Just Dance 2017,"March 3, 2017",72,53,Action,8,0,6
Dex,"July 24, 2020",72,70,Role-Playing,4,1,5
Shu,"January 23, 2018",72,67,Action,14,0,6
Rise: Race The Future,"July 22, 2019",72,64,Racing,9,-1,0
Bad North,"August 20, 2018",72,71,Action,0,0,10
Light Fall,"April 26, 2018",72,73,Action,0,0,10
Resident Evil 5,"October 29, 2019",72,64,Action Adventure,3,3,8
Phoenotopia: Awakening,"August 20, 2020",72,83,Action Adventure,3,3,8
Fe,"February 16, 2018",72,67,Action,14,0,6
Bear and Breakfast,"September 15, 2022",72,47,Strategy,8,-1,4
RollerCoaster Tycoon 3: Complete Edition,"September 24, 2020",72,76,Strategy,9,4,13
Minecraft Dungeons,"May 26, 2020",72,69,Action Adventure,3,3,8
de Blob,"June 26, 2018",72,73,Action,0,0,10
Dimension Drive,"December 7, 2017",72,74,Action,0,0,10
Just Dance 2018,"October 24, 2017",71,58,Action,14,0,6
Oceanhorn 2: Knights of the Lost Realm,"October 28, 2020",71,81,Action Adventure,3,3,8
Saints Row IV: Re-Elected,"March 27, 2020",71,72,Action Adventure,3,3,8
Team Sonic Racing,"May 21, 2019",71,72,Racing,9,-1,0
SaGa Frontier Remastered,"April 15, 2021",71,72,Role-Playing,4,1,5
Pool Panic,"July 19, 2018",71,70,Action Adventure,3,3,8
Out of Line,"August 18, 2021",71,70,Action Adventure,3,3,8
Cathedral,"February 18, 2021",71,65,Action,14,0,6
HyperParasite,"April 3, 2020",71,80,Action,0,0,10
StarBlox Inc.,"October 18, 2019",71,68,Puzzle,10,-1,0
Xeodrifter,"February 15, 2018",71,62,Action,14,0,6
Aces of the Luftwaffe: Squadron,"November 17, 2017",71,66,Action,14,0,6
Story of Seasons: Pioneers of Olive Town,"March 23, 2021",71,71,Strategy,9,4,13
No Straight Roads,"August 25, 2020",71,54,Action,14,0,6
My Time At Portia,"April 16, 2019",71,53,Simulation,8,-1,0
Earth Atlantis,"October 5, 2017",71,70,Action,14,0,10
Legend of Mana Remastered,"June 24, 2021",71,75,Role-Playing,4,1,2
Cozy Grove,"April 8, 2021",71,73,Simulation,9,-1,0
Ultra Age,"September 9, 2021",71,77,Action,0,0,10
Project Warlock,"June 11, 2020",71,77,Action,0,0,10
Thea: The Awakening,"February 1, 2019",71,71,Strategy,9,4,13
Happy Birthdays,"June 5, 2018",71,74,Action Adventure,3,3,8
Bridge Constructor Portal,"February 28, 2018",71,67,Simulation,9,-1,0
Never Stop Sneakin',"December 14, 2017",71,68,Action Adventure,3,3,8
The Sexy Brutale,"December 7, 2017",71,49,Adventure,8,-1,4
Little Inferno,"March 16, 2017",71,70,Puzzle,10,-1,0
LEGO Jurassic World,"September 17, 2019",71,77,Action Adventure,3,3,8
Hexologic,"June 11, 2018",71,69,Puzzle,10,-1,0
Nexomon: Extinction,"August 28, 2020",71,82,Role-Playing,4,1,2
Blue Fire,"February 4, 2021",71,75,Action,0,0,10
Lichtspeer: Double Speer Edition,"September 7, 2017",71,71,Action Adventure,3,3,8
Spellbreak,"September 3, 2020",71,80,Action,0,0,10
Onimusha: Warlords,"January 15, 2019",71,72,Action Adventure,3,3,8
Nintendo Labo: Toycon 04 VR Kit,"May 12, 2019",71,66,Action,14,0,6
Captain Tsubasa: Rise of New Champions,"August 28, 2020",71,73,Sports,9,-1,0
Mutant Year Zero: Road to Eden - Deluxe Edition,"July 30, 2019",71,44,Strategy,8,-1,4
Membrane,"February 22, 2018",71,75,Puzzle,10,-1,0
A Robot Named Fight!,"April 26, 2018",71,76,Action,0,0,10
Golf With Your Friends,"May 19, 2020",71,32,Sports,11,-1,4
3000th Duel,"February 19, 2020",71,84,Action,0,0,10
Miitopia,"May 21, 2021",71,80,Action,0,0,10
Dragon Quest III: The Seeds of Salvation,"September 27, 2019",71,71,Role-Playing,4,1,5
FIFA 19,"September 25, 2018",71,32,Sports,11,-1,4
Robonauts,"September 15, 2017",71,65,Action,14,0,6
BUTCHER,"September 28, 2017",70,77,Action,0,0,10
Aspire: Ina's Tale,"December 17, 2021",70,69,Action,14,0,10
Clockwork Aquario,"December 14, 2021",70,62,Action,14,0,6
Resident Evil 0,"May 21, 2019",70,85,Action Adventure,3,3,8
Slipstream,"April 7, 2022",70,75,Racing,9,-1,0
ACA NeoGeo: Shock Troopers,"March 9, 2017",70,70,Action,14,0,10
BurgerTime Party!,"October 8, 2019",70,60,Action,14,0,6
Fight Crab,"September 15, 2020",70,68,Action,14,0,10
Cruis'n Blast,"September 14, 2021",70,81,Racing,9,-1,0
Deadly Premonition Origins,"September 4, 2019",70,78,Action Adventure,3,3,8
Time Recoil,"October 26, 2017",70,78,Action,0,0,10
EarthNight,"December 3, 2019",70,72,Action,0,0,10
Just Dance 2021,"November 12, 2020",70,57,Action,14,0,6
Redout,"May 14, 2019",70,72,Racing,9,-1,0
Nelke & the Legendary Alchemists: Ateliers of the New World,"March 26, 2019",70,71,Role-Playing,4,1,5
Zombie Army Trilogy,"March 31, 2020",70,73,Action,0,0,10
Process of Elimination,"April 11, 2023",70,85,Adventure,5,-1,3
Minoria,"September 10, 2020",70,58,Action Adventure,8,-1,4
My Hero One's Justice,"October 26, 2018",70,73,Action,0,0,10
Hyper Sentinel,"May 11, 2018",70,64,Action,14,0,6
The Fall,"May 10, 2018",70,79,Action Adventure,3,3,8
Stikbold! Dodgeball Adventure! Deluxe,"January 4, 2018",70,74,Action,0,0,10
Saints Row: The Third - The Full Package,"May 10, 2019",70,59,Action Adventure,8,-1,4
Pokemon UNITE,"July 21, 2021",70,38,Role-Playing,11,-1,4
Beat Cop,"March 5, 2019",70,60,Simulation,8,-1,0
Banner of the Maid,"August 12, 2020",70,82,Strategy,9,-1,13
Greak: Memories of Azur,"August 17, 2021",70,77,Action,0,0,10
Sine Mora EX,"August 8, 2017",70,72,Action,0,0,10
Glyph,"February 1, 2021",70,74,Action,0,0,10
Mario Golf: Super Rush,"June 25, 2021",70,56,Sports,8,-1,9
Taiko no Tatsujin: Rhythmic Adventure Pack,"December 3, 2020",70,62,Action,14,0,6
Outbuddies DX,"June 5, 2020",70,75,Action,0,0,10
Star Wars Episode I: Racer,"June 23, 2020",70,76,Racing,9,-1,0
Tropico 6 - Nintendo Switch Edition,"November 6, 2020",70,35,Strategy,11,-1,4
Romancing SaGa 2,"December 15, 2017",70,81,Role-Playing,4,1,2
Shining Resonance Refrain,"July 10, 2018",70,79,Role-Playing,4,1,2
Front Mission 1st Remake,"November 30, 2022",70,49,Strategy,8,-1,4
RICO,"March 12, 2019",70,63,Action,14,0,6
Samurai Jack: Battle Through Time,"August 21, 2020",70,82,Action Adventure,3,3,8
Evergate,"August 18, 2020",70,75,Action,0,0,10
Root Film,"March 19, 2021",70,80,Adventure,5,2,3
The Fall Part 2: Unbound,"February 13, 2018",70,79,Action Adventure,3,3,8
Little Dragons Cafe,"August 24, 2018",70,69,Strategy,9,4,13
The Survivalists,"October 9, 2020",70,78,Action Adventure,3,3,8
Foregone,"October 13, 2020",70,78,Action,0,0,10
Star Wars: Republic Commando,"April 6, 2021",70,63,Action,14,0,6
Evan's Remains,"June 11, 2020",69,78,Action,0,0,10
Mages of Mystralia,"January 29, 2019",69,57,Action Adventure,8,-1,4
One Piece: Pirate Warriors 4,"March 27, 2020",69,82,Action,0,0,10
Mercenary Kings: Reloaded Edition,"February 6, 2018",69,61,Action,14,0,6
R-Type Final 2,"April 30, 2021",69,45,Action,8,-1,9
Vampyr,"October 29, 2019",69,75,Role-Playing,4,1,5
Pokemon Sword / Shield: The Isle of Armor,"June 17, 2020",69,52,Role-Playing,8,-1,4
Super Dragon Ball Heroes: World Mission,"April 5, 2019",69,75,Strategy,9,4,13
Sonic Frontiers,"November 8, 2022",69,83,Action Adventure,3,3,8
Gamedec,"July 1, 2022",69,55,Role-Playing,8,-1,4
Pathway,"May 27, 2021",69,72,Strategy,9,4,13
Fate/Extella: The Umbral Star,"July 25, 2017",69,70,Action,14,0,10
Lone Ruin,"January 12, 2023",69,45,Action,8,-1,9
Disney Magical World 2: Enchanted Edition,"December 3, 2021",69,60,Simulation,8,-1,0
De Mambo,"July 13, 2017",69,67,Action,14,0,10
Lost Sphear,"January 23, 2018",69,72,Role-Playing,4,1,5
Sea of Solitude: The Director's Cut,"March 4, 2021",69,79,Action Adventure,3,3,8
World War Z,"November 2, 2021",69,80,Action,0,0,10
Raji: An Ancient Epic,"August 18, 2020",69,76,Action Adventure,3,3,8
9 Monkeys of Shaolin,"October 16, 2020",69,78,Action,0,0,10
Spinch,"September 3, 2020",69,79,Action,0,0,10
Irony Curtain: From Matryoshka with Love,"June 27, 2019",69,63,Adventure,5,-1,3
Disco Dodgeball Remix,"May 22, 2018",69,75,Sports,9,-1,0
Q.U.B.E. 2,"February 21, 2019",69,68,Action,14,0,10
Earth Defense Force: World Brothers,"May 27, 2021",69,66,Action,14,0,10
ChromaGun,"January 22, 2018",69,70,Puzzle,10,-1,0
Mario & Sonic at the Olympic Games Tokyo 2020,"November 5, 2019",69,69,Sports,9,-1,0
Football Manager 2019 Touch,"December 6, 2018",69,72,Sports,9,-1,0
Dragon Marked For Death,"January 29, 2019",69,70,Role-Playing,4,1,5
Akane,"May 17, 2019",69,70,Action,14,0,10
Oddworld: Soulstorm - Oddtimized Edition,"November 18, 2022",69,74,Action Adventure,3,3,8
#DRIVE,"February 16, 2021",69,70,Racing,9,-1,0
Final Fantasy XV Pocket Edition HD,"September 13, 2018",69,74,Role-Playing,4,1,5
Friday The 13th: The Game - Ultimate Slasher Switch Edition,"August 13, 2019",69,78,Action Adventure,3,3,8
Kitaria Fables,"September 2, 2021",69,69,Role-Playing,4,1,5
Fairy Tail,"July 31, 2020",69,71,Role-Playing,4,1,5
Pokemon Mystery Dungeon: Rescue Team DX,"March 6, 2020",69,81,Role-Playing,4,1,2
Manticore: Galaxy on Fire,"April 19, 2018",69,65,Simulation,9,-1,0
Daemon X Machina,"September 13, 2019",69,76,Simulation,9,-1,0
Automachef,"July 23, 2019",68,68,Strategy,9,-1,13
Red Wings: Aces of the Sky,"May 21, 2020",68,68,Simulation,9,-1,0
Ninjala,"June 24, 2020",68,64,Action,14,0,10
Mercenaries Saga Chronicles,"February 8, 2018",68,78,Strategy,9,4,13
Wallachia: Reign of Dracula,"October 29, 2020",68,78,Action,0,0,10
Call of Cthulhu: The Official Video Game,"October 8, 2019",68,73,Role-Playing,4,1,5
Bubble Bobble 4 Friends,"November 19, 2019",68,66,Puzzle,10,-1,0
Arietta of Spirits,"August 20, 2021",68,65,Action Adventure,3,3,8
Heroki,"July 20, 2018",68,71,Action,14,0,10
Exit the Gungeon,"March 17, 2020",68,73,Action,0,0,10
Touken Ranbu Warriors,"May 24, 2022",68,92,Role-Playing,4,-1,2
Curious Expedition,"April 2, 2020",68,72,Adventure,5,-1,3
Resident Evil 6,"October 29, 2019",68,76,Action Adventure,3,3,8
Hoa,"August 24, 2021",68,76,Action,0,0,10
Typoman: Revised,"February 22, 2018",68,66,Action,14,0,10
FIFA 18,"September 29, 2017",68,58,Sports,8,-1,9
Romancing SaGa: Minstrel Song Remastered,"December 1, 2022",68,52,Role-Playing,8,-1,4
River City Girls Zero,"February 14, 2022",68,62,Action,14,0,6
Star Wars Jedi Knight: Jedi Academy,"March 26, 2020",68,58,Action,14,0,6
One Piece: Unlimited World Red - Deluxe Edition,"September 29, 2017",68,69,Action,14,0,10
Lydia,"January 17, 2020",68,65,Adventure,5,2,3
Snack World: The Dungeon Crawl Gold,"February 14, 2020",68,74,Role-Playing,4,1,5
Crash Drive 3,"July 8, 2021",68,70,Racing,9,-1,0
Saturday Morning RPG,"April 26, 2018",68,65,Role-Playing,4,1,5
Oninaki,"August 22, 2019",68,71,Role-Playing,4,1,5
Super Beat Sports,"November 2, 2017",68,71,Action,14,0,10
Rad,"August 20, 2019",68,66,Adventure,5,2,3
Lapis x Labyrinth,"May 28, 2019",68,62,Role-Playing,4,1,5
Haven Park,"August 5, 2021",68,77,Adventure,5,-1,3
Manual Samuel,"August 16, 2018",68,68,Role-Playing,4,1,5
Sparkle Unleashed,"December 25, 2017",68,54,Puzzle,8,-1,0
SYNTHETIK: Ultimate,"December 16, 2020",67,25,Action,11,-1,11
JYDGE,"October 19, 2017",67,74,Action,0,0,10
The Escapists: Complete Edition,"September 25, 2018",67,62,Action,14,0,6
Golazo!,"September 12, 2019",67,51,Sports,8,-1,9
Neon Chrome,"October 12, 2017",67,73,Action,14,0,10
The King's Bird,"February 12, 2019",67,43,Action,8,-1,9
Sonic Colors: Ultimate,"September 7, 2021",67,53,Action,14,0,9
Hextech Mayhem: A League of Legends Story,"November 16, 2021",67,79,Action,0,0,10
Cities: Skylines - Nintendo Switch Edition,"September 13, 2018",67,71,Strategy,9,-1,13
Aeterna Noctis,"November 4, 2022",67,56,Action,14,0,6
The Longest Five Minutes,"February 13, 2018",67,63,Role-Playing,4,1,5
Nickelodeon All-Star Brawl,"October 5, 2021",67,63,Action,14,0,6
Sky Force Anniversary,"November 8, 2018",67,75,Action,0,0,10
Urban Trial Playground,"April 5, 2018",67,63,Sports,14,-1,9
Say No! More,"April 9, 2021",67,73,Adventure,5,-1,3
Dokapon Kingdom: Connect,"May 9, 2023",67,43,Role-Playing,8,-1,9
Travis Strikes Again: No More Heroes,"January 18, 2019",67,78,Action,0,0,10
Double Cross,"January 10, 2019",67,65,Action,14,0,10
Elli,"January 10, 2019",67,61,Action,14,0,6
Picross S,"September 28, 2017",67,74,Puzzle,10,-1,0
Felix the Reaper,"October 17, 2019",67,64,Adventure,14,-1,3
Infernium,"April 5, 2018",67,68,Action Adventure,3,3,8
Last Stop,"July 22, 2021",67,63,Adventure,14,-1,3
LEGRAND LEGACY: Tale of the Fatebounds,"January 24, 2019",67,61,Role-Playing,4,1,5
Shape of the World,"June 6, 2018",67,74,Action Adventure,3,3,8
Giga Wrecker Alt.,"April 12, 2019",67,43,Action,8,-1,9
Olympic Games Tokyo 2020: The Official Video Game,"June 22, 2021",67,63,Sports,14,-1,9
Crossing Souls,"July 26, 2018",67,64,Action Adventure,3,3,8
Save me Mr Tako: Tasukete Tako-San,"October 30, 2018",66,68,Action,14,0,10
Potata: Fairy Flower,"June 6, 2020",66,76,Action,0,0,10
Windscape,"March 27, 2019",66,38,Action Adventure,11,-1,9
Nine Parchments,"December 5, 2017",66,70,Role-Playing,4,1,5
Stonefly,"June 1, 2021",66,75,Action Adventure,3,3,8
Oceanhorn: Monster of Uncharted Seas,"June 22, 2017",66,78,Action Adventure,3,3,8
SpongeBob SquarePants: Battle for Bikini Bottom - Rehydrated,"June 23, 2020",66,83,Action,0,0,10
Roguebook,"April 21, 2022",66,59,Strategy,1,-1,7
Destroy All Humans!,"June 29, 2021",66,76,Action Adventure,3,3,8
Crysis Remastered,"July 23, 2020",66,83,Action,0,0,10
Toki,"December 4, 2018",66,66,Action,14,0,10
Golem Gates,"May 31, 2019",66,77,Role-Playing,4,1,5
DC Super Hero Girls: Teen Power,"June 4, 2021",66,67,Action Adventure,3,3,8
Ultra Street Fighter II: The Final Challengers,"May 26, 2017",66,67,Action,14,0,10
Super Meat Boy Forever,"December 23, 2020",66,52,Action,14,0,9
Crystar,"March 29, 2022",66,78,Role-Playing,4,1,5
Infinite Minigolf,"August 3, 2017",66,61,Sports,14,-1,9
Gal*Gun: Double Peace,"March 17, 2022",66,60,Action,14,0,6
Beautiful Desolation,"May 28, 2021",66,53,Adventure,1,-1,9
Fallen Legion: Rise to Glory,"May 29, 2018",66,65,Role-Playing,4,1,5
Fairy Fencer F: Advent Dark Force,"January 17, 2019",66,64,Role-Playing,4,1,5
Mutant Football League: Dynasty Edition,"October 30, 2018",66,71,Sports,9,-1,0
Code of Princess EX,"July 31, 2018",66,72,Role-Playing,4,1,5
Tiny Metal,"December 21, 2017",66,57,Strategy,1,-1,7
Wonder Boy: Asha in Monster World,"May 28, 2021",66,67,Action,14,0,10
The Smurfs: Mission Vileaf,"November 16, 2021",66,72,Action,14,0,10
Mr. Shifty,"April 13, 2017",66,69,Action,14,0,10
The Outer Worlds,"June 5, 2020",66,59,Role-Playing,4,1,5
This is the Police,"October 24, 2017",66,75,Simulation,9,-1,0
Wolfenstein: Youngblood,"July 26, 2019",66,36,Action,11,-1,9
FOX n FORESTS,"May 17, 2018",66,72,Action,14,0,10
Nights of Azure 2: Bride of the New Moon,"October 24, 2017",66,71,Role-Playing,4,1,5
Galaxy Champions TV,"October 3, 2019",65,48,Action,1,-1,9
Kirby Fighters 2,"September 23, 2020",65,79,Action,0,0,10
Pac-Man World: Re-PAC,"August 26, 2022",65,74,Action,14,0,10
Star Wars: The Force Unleashed,"April 20, 2022",65,74,Action Adventure,3,3,8
GetsuFumaDen: Undying Moon,"February 9, 2022",65,61,Action,14,0,6
LEGO The Incredibles,"June 15, 2018",65,73,Action Adventure,3,3,8
The Red Lantern,"October 22, 2020",65,44,Action Adventure,1,-1,9
88 Heroes: 98 Heroes Edition,"October 10, 2017",65,64,Action,14,0,6
Super Blood Hockey,"April 26, 2019",65,51,Sports,1,-1,9
Vostok Inc.,"December 7, 2017",65,71,Action,14,0,10
Kao the Kangaroo,"May 27, 2022",65,73,Action,14,0,10
My Hero One's Justice 2,"March 13, 2020",65,63,Action,14,0,6
Graveyard Keeper,"June 27, 2019",65,57,Simulation,1,-1,0
The VideoKid,"August 30, 2018",65,58,Action,14,0,6
Spelunker Party!,"October 19, 2017",65,68,Action,14,0,10
Jet Kave Adventure,"September 17, 2019",65,65,Action,14,0,6
Neptunia x Senran Kagura: Ninja Wars,"April 19, 2022",65,68,Role-Playing,4,1,5
Kill la Kill: IF,"July 26, 2019",65,67,Action Adventure,7,3,8
198X,"January 23, 2020",65,70,Action,14,0,10
Eiyuden Chronicle: Rising,"May 10, 2022",65,59,Role-Playing,1,1,5
Breakout: Recharged,"February 10, 2022",65,50,Action,14,-1,9
Maneater,"May 25, 2021",65,70,Action Adventure,3,3,8
Titan Quest,"July 31, 2018",65,69,Role-Playing,4,1,5
Dead or School,"March 13, 2020",65,68,Role-Playing,4,1,5
Blanc,"February 14, 2023",65,51,Adventure,1,-1,9
Alex Kidd in Miracle World DX,"June 22, 2021",65,64,Action,14,0,6
Battle Princess Madelyn,"December 20, 2018",65,64,Action,14,0,6
Poi: Explorer Edition,"October 23, 2017",65,69,Action,14,0,10
Bee Simulator,"November 12, 2019",65,60,Simulation,1,-1,0
Morphite,"November 2, 2017",65,66,Action Adventure,7,3,8
Gekido: Kintaro's Revenge,"March 22, 2018",65,66,Action,14,0,6
Human: Fall Flat,"December 7, 2017",65,70,Action Adventure,3,3,8
AO Tennis 2,"February 11, 2020",64,61,Sports,1,-1,9
Gear.Club Unlimited,"November 21, 2017",64,65,Action,14,0,6
Star Wars Jedi Knight II: Jedi Outcast,"September 24, 2019",64,53,Action Adventure,1,-1,4
Nickelodeon Kart Racers 3: Slime Speedway,"October 14, 2022",64,58,Racing,1,-1,9
Pokemon Quest,"May 29, 2018",64,60,Role-Playing,1,1,5
Vesta,"January 19, 2018",64,62,Action Adventure,7,3,8
League of Evil,"August 31, 2017",64,61,Action,14,0,6
Pokemon Cafe Mix,"June 23, 2020",64,65,Puzzle,7,-1,0
Touhou Genso Wanderer Reloaded,"July 17, 2018",64,70,Role-Playing,4,1,5
Little Town Hero,"October 16, 2019",64,47,Role-Playing,1,-1,9
PUSS!,"February 19, 2021",64,75,Puzzle,7,-1,0
Made in Abyss: Binary Star Falling into Darkness,"September 2, 2022",64,59,Role-Playing,1,1,5
WRC 9 FIA World Rally Championship,"March 11, 2021",64,47,Racing,1,-1,9
Urban Trial Tricky,"June 25, 2020",64,76,Sports,7,-1,0
Seven Pirates H,"May 12, 2022",64,80,Role-Playing,4,-1,5
Rock of Ages 3: Make & Break,"July 21, 2020",64,77,Action,0,0,10
RiME,"November 14, 2017",64,60,Action,14,0,6
Mercenaries Wings: The False Phoenix,"November 8, 2018",64,61,Action,14,0,6
The friends of Ringo Ishikawa,"April 3, 2019",64,65,Action,14,0,6
Sleep Tight,"July 26, 2018",64,60,Action,14,0,6
Snooker 19,"August 23, 2019",64,36,Sports,11,-1,4
Atelier Lydie & Suelle: The Alchemists and the Mysterious Paintings,"March 27, 2018",64,73,Role-Playing,4,1,5
InnerSpace,"January 16, 2018",63,71,Simulation,7,-1,0
The World Next Door,"March 27, 2019",63,58,Action Adventure,1,-1,4
Chocobo GP,"March 10, 2022",63,22,Racing,11,-1,11
Penny-Punching Princess,"April 3, 2018",63,61,Role-Playing,1,1,5
Cobra Kai: The Karate Kid Saga Continues,"October 27, 2020",63,60,Action,14,0,6
Panzer Dragoon,"March 26, 2020",63,76,Action,7,0,10
All-Star Fruit Racing,"August 21, 2018",63,33,Racing,11,-1,11
NBA Playgrounds,"May 9, 2017",63,65,Sports,7,-1,9
King's Bounty II,"August 24, 2021",63,46,Strategy,1,-1,4
State of Mind,"August 15, 2018",63,74,Action Adventure,7,3,8
Lost in Harmony,"June 21, 2018",63,62,Action,14,0,6
TT Isle of Man: Ride On The Edge 2,"May 14, 2020",63,46,Racing,1,-1,9
The Lost Child,"June 19, 2018",63,67,Role-Playing,4,1,5
The Way Remastered,"April 20, 2018",63,68,Action,14,0,6
Fire Emblem: Shadow Dragon & the Blade of Light,"December 4, 2020",63,78,Strategy,7,-1,13
Windbound,"August 28, 2020",63,68,Action Adventure,7,3,8
Torchlight III,"October 22, 2020",63,67,Role-Playing,4,1,5
Tales of Symphonia Remastered,"February 17, 2023",63,30,Role-Playing,11,-1,9
YIIK: A Postmodern RPG,"January 17, 2019",63,49,Role-Playing,1,-1,9
Save Koch,"March 6, 2020",63,68,Strategy,7,-1,7
Stela,"March 13, 2020",63,50,Action,1,-1,9
Dragon Quest,"September 27, 2019",63,71,Role-Playing,4,1,5
Garage,"May 10, 2018",63,68,Action Adventure,7,3,8
Etherborn,"July 18, 2019",62,75,Action,7,0,10
Astria Ascending,"September 30, 2021",62,73,Role-Playing,4,1,5
Monark,"February 22, 2022",62,54,Role-Playing,1,-1,5
The Last Remnant Remastered,"June 10, 2019",62,71,Role-Playing,4,1,5
Super Bomberman R,"March 3, 2017",62,67,Puzzle,7,-1,0
Sniper Elite V2 Remastered,"May 14, 2019",62,71,Action,14,0,6
The Coma: Recut,"December 21, 2017",62,64,Action Adventure,7,3,8
Digimon World: Next Order,"February 22, 2023",62,59,Role-Playing,1,1,5
Gal*Gun 2,"April 24, 2018",62,69,Action,14,0,6
Senran Kagura: Peach Ball,"July 9, 2019",62,78,Action,7,0,10
Neverout,"July 10, 2018",62,76,Puzzle,7,-1,0
Trailblazers,"November 15, 2018",62,67,Racing,7,-1,9
Rad Rodgers: Radical Edition,"February 26, 2019",62,40,Action,1,-1,9
Galak-Z: Variant S,"July 12, 2018",62,63,Action,14,0,6
Super Neptunia RPG,"June 25, 2019",62,57,Role-Playing,1,1,5
Giraffe and Annika,"August 25, 2020",62,60,Adventure,1,-1,9
World's End Club,"May 28, 2021",62,67,Action Adventure,7,3,8
Yu-Gi-Oh! RUSH DUEL: Dawn of the Battle Royale!!,"December 7, 2021",62,62,Strategy,7,-1,7
Raging Justice,"May 8, 2018",62,59,Action,14,0,6
Power Rangers: Battle for the Grid,"March 26, 2019",62,65,Action,14,0,6
Sphinx and the Cursed Mummy,"January 29, 2019",61,71,Action Adventure,7,3,7
Gal Metal,"October 30, 2018",61,55,Action,1,0,9
WRC 8 FIA World Rally Championship,"October 31, 2019",61,55,Racing,1,-1,9
The Sinking City,"September 12, 2019",61,81,Action Adventure,7,-1,8
Skully,"August 4, 2020",61,71,Action,7,0,6
Poison Control,"April 13, 2021",61,58,Role-Playing,1,1,5
Infini,"July 3, 2020",61,78,Adventure,7,-1,7
Dead by Daylight,"September 24, 2019",61,33,Action Adventure,11,-1,9
Curse of the Sea Rats,"April 6, 2023",61,19,Action,11,-1,11
Detective Gallo,"August 17, 2018",61,60,Adventure,1,-1,9
Crimsonland,"November 24, 2017",61,62,Action,14,0,6
Asphalt 9: Legends,"October 8, 2019",61,64,Racing,7,-1,9
Asterix & Obelix XXL 2,"November 29, 2018",61,55,Action,1,0,9
RemiLore: Lost Girl in the Lands of Lore,"February 26, 2019",61,53,Action,1,0,9
Super Cane Magic ZERO,"May 30, 2019",60,64,Role-Playing,7,1,5
BRAWL,"January 12, 2018",60,46,Action,1,-1,9
Final Fantasy Crystal Chronicles: Remastered Edition,"August 27, 2020",60,45,Role-Playing,1,-1,9
The Caligula Effect: Overdose,"March 12, 2019",60,63,Role-Playing,1,1,5
Dragon Quest II: Luminaries of the Legendary Line,"September 27, 2019",60,61,Role-Playing,1,1,5
The Bunker,"April 9, 2018",60,18,Adventure,11,-1,11
Payday 2,"February 27, 2018",60,50,Action,1,-1,9
SNK Heroines: Tag Team Frenzy,"September 7, 2018",60,65,Action,14,0,6
Turok 2: Seeds of Evil Remaster,"August 9, 2019",60,71,Action,7,0,6
Rogue Trooper Redux,"October 17, 2017",60,64,Action,14,0,6
I and Me,"July 13, 2017",60,67,Action,7,0,6
Brawlout,"December 19, 2017",60,57,Action,14,0,9
Best Friend Forever,"August 27, 2020",60,44,Adventure,1,-1,9
WRITHE,"January 15, 2021",60,82,Action,7,-1,10
Assassin's Creed III Remastered,"May 21, 2019",60,68,Action Adventure,7,3,7
Warriors Orochi 4,"October 16, 2018",60,71,Action,7,0,6
Claybook,"March 12, 2019",60,57,Action,14,0,9
Farming Simulator 20,"December 3, 2019",59,22,Simulation,11,-1,11
Liberated,"June 2, 2020",59,67,Action Adventure,7,3,7
The Dark Crystal: Age of Resistance Tactics,"February 4, 2020",59,69,Strategy,7,-1,7
Blair Witch,"June 25, 2020",59,64,Action Adventure,7,3,7
Surgeon Simulator CPR,"September 13, 2018",59,42,Simulation,1,-1,9
Gods Will Fall,"January 28, 2021",59,47,Action Adventure,1,-1,9
A Knight's Quest,"October 10, 2019",59,49,Action Adventure,1,-1,9
LEGO Worlds,"September 5, 2017",59,69,Action Adventure,7,3,7
GRIP: Combat Racing,"November 6, 2018",59,57,Racing,1,-1,9
Bright Memory: Infinite,"July 21, 2022",59,71,Action,7,0,6
Vambrace: Cold Soul,"August 29, 2019",59,60,Adventure,1,-1,9
Coffee Crisis,"November 30, 2018",59,43,Action,1,-1,9
Devious Dungeon,"March 30, 2018",59,64,Action,7,0,6
Astro Duel Deluxe,"May 30, 2017",59,66,Action,7,0,6
Skellboy,"January 30, 2020",59,58,Role-Playing,1,1,5
Summer in Mara,"June 16, 2020",59,74,Adventure,7,-1,7
Our World Is Ended.,"April 18, 2019",59,73,Adventure,7,-1,7
Spirit of the North,"May 7, 2020",59,71,Adventure,7,-1,7
Disaster Report 4: Summer Memories,"April 7, 2020",59,72,Action Adventure,7,-1,7
Warlocks 2: God Slayers,"June 7, 2019",59,58,Role-Playing,1,1,5
12 is Better Than 6,"March 5, 2019",59,74,Action,7,0,10
Disney/Pixar Cars 3: Driven to Win,"June 13, 2017",59,57,Racing,1,-1,9
Truberbrook,"April 17, 2019",58,56,Adventure,1,-1,9
Oddworld: Munch's Oddysee HD,"May 14, 2020",58,73,Action Adventure,7,-1,7
Darksiders III,"September 30, 2021",58,84,Action Adventure,7,-1,8
Ary and the Secret of Seasons,"September 1, 2020",58,52,Action Adventure,1,-1,9
Ritual: Crown of Horns,"November 7, 2019",58,73,Action,7,0,10
Venture Kid,"May 2, 2019",58,69,Action,7,0,6
Sword of the Necromancer,"January 28, 2021",58,76,Role-Playing,7,-1,5
Viviette,"December 20, 2018",58,68,Adventure,7,-1,7
SINNER: Sacrifice for Redemption,"October 18, 2018",58,54,Action Adventure,1,-1,9
This is the Police 2,"September 25, 2018",58,52,Simulation,1,-1,9
The Long Reach,"March 15, 2018",58,63,Action Adventure,7,-1,7
Stranded Sails: Explorers of the Cursed Islands,"October 17, 2019",57,62,Action Adventure,7,-1,7
Monster Harvest,"August 31, 2021",57,40,Role-Playing,1,-1,9
The Princess Guide,"March 26, 2019",57,46,Strategy,1,-1,9
Sonic Forces,"November 7, 2017",57,66,Action,7,0,6
Calico,"December 15, 2020",57,63,Simulation,7,-1,7
Destiny Connect: Tick-Tock Travelers,"October 22, 2019",57,61,Role-Playing,1,-1,5
Gear.Club Unlimited 2,"December 4, 2018",57,55,Racing,1,-1,9
THE HOUSE OF THE DEAD: Remake,"April 7, 2022",57,75,Action,7,0,10
Astro Bears Party,"September 28, 2017",57,67,Action,7,0,6
The Hong Kong Massacre,"December 26, 2020",56,80,Action,7,-1,10
Warplanes: WW2 Dogfight,"February 21, 2019",56,52,Simulation,1,-1,9
House Flipper,"June 12, 2020",56,71,Simulation,7,-1,7
Neverwinter Nights: Enhanced Edition,"December 3, 2019",56,46,Role-Playing,1,-1,9
Deadly Premonition 2: A Blessing in Disguise,"July 10, 2020",56,55,Action Adventure,1,-1,9
The LEGO Movie 2 Videogame,"March 26, 2019",56,57,Action Adventure,1,-1,9
WWE 2K Battlegrounds,"September 18, 2020",56,43,Sports,1,-1,9
RollerCoaster Tycoon Adventures,"December 13, 2018",56,44,Strategy,1,-1,9
Close to the Sun,"October 29, 2019",55,53,Adventure,1,-1,9
Suicide Guy,"May 10, 2018",55,62,Action Adventure,7,-1,7
Sense: A Cyberpunk Ghost Story,"January 7, 2021",55,50,Adventure,1,-1,9
Feather,"April 5, 2019",54,60,Simulation,1,-1,7
Rustler,"August 31, 2021",54,48,Action Adventure,1,-1,9
Jumping Joe & Friends,"May 25, 2018",54,55,Action,1,-1,7
Apex Legends,"March 9, 2021",54,56,Action,1,-1,7
Radiation Island,"February 22, 2018",54,68,Action,7,0,7
Stubbs the Zombie in Rebel Without a Pulse,"March 16, 2021",54,66,Action Adventure,7,-1,7
Harvest Moon: One World,"March 2, 2021",54,43,Strategy,1,-1,9
Sports Story,"December 23, 2022",54,20,Role-Playing,11,-1,12
Creepy Tale,"July 10, 2020",54,60,Adventure,1,-1,9
Dynasty Warriors 9 Empires,"February 15, 2022",54,94,Action,7,-1,10
Legend of Kay Anniversary,"May 29, 2018",54,53,Action Adventure,1,-1,9
SkateBIRD,"September 16, 2021",54,29,Sports,11,-1,9
Whipseey and the Lost Atlas,"August 27, 2019",54,66,Action,7,0,7
Legendary Eleven,"June 8, 2018",54,60,Sports,1,-1,9
Cloudpunk,"October 15, 2020",54,40,Simulation,1,-1,9
Bakugan: Champions of Vestroia,"November 3, 2020",53,45,Role-Playing,1,-1,9
Castle of Heart,"March 23, 2018",53,70,Action Adventure,7,-1,7
Little Friends: Dogs & Cats,"May 28, 2019",53,38,Simulation,1,-1,9
Akiba's Trip: Hellbound & Debriefed,"July 20, 2021",53,66,Action,7,0,7
Flip Wars,"July 6, 2017",53,59,Puzzle,1,-1,7
Five Nights at Freddy's: Help Wanted,"May 21, 2020",53,68,Action Adventure,7,-1,7
Has-Been Heroes,"March 28, 2017",53,72,Strategy,7,-1,7
Hover,"September 20, 2018",53,64,Action,7,0,7
Stranger Things 3: The Game,"July 4, 2019",53,65,Action Adventure,7,-1,7
Youtubers Life: OMG Edition,"November 20, 2018",53,62,Simulation,1,-1,7
Blade Runner: Enhanced Edition,"June 23, 2022",52,48,Adventure,1,-1,9
Hellpoint,"February 25, 2021",52,48,Role-Playing,1,-1,9
Leisure Suit Larry: Wet Dreams Don't Dry,"June 13, 2019",52,55,Adventure,1,-1,9
Commandos 2 HD Remaster,"December 4, 2020",52,38,Strategy,1,-1,9
Unbox: Newbie's Adventure,"November 21, 2017",52,61,Action,7,-1,7
Caveman Warriors,"December 5, 2017",52,56,Action,1,-1,7
New Frontier Days: Founding Pioneers,"March 3, 2017",52,46,Strategy,1,-1,9
V-Rally 4,"February 5, 2019",51,49,Racing,1,-1,7
Taxi Chaos,"February 23, 2021",51,58,Simulation,1,-1,7
Baseball Riot,"January 19, 2018",51,63,Puzzle,7,-1,7
Devil May Cry 2,"September 19, 2019",50,75,Action Adventure,7,-1,7
The Good Life,"October 15, 2021",50,61,Role-Playing,1,-1,5
Empire of Sin,"December 1, 2020",50,73,Action Adventure,7,-1,7
Drawn to Life: Two Realms,"December 7, 2020",50,46,Action Adventure,1,-1,9
Modern Combat: Blackout,"February 14, 2019",50,40,Action,6,-1,12
Jump Force: Deluxe Edition,"August 28, 2020",50,74,Action,7,-1,7
Milanoir,"May 31, 2018",50,50,Role-Playing,1,-1,9
Adventure Time: Pirates of the Enchiridion,"July 17, 2018",50,50,Role-Playing,1,-1,9
The Unexpected Quest,"January 23, 2021",49,67,Strategy,7,-1,7
Morphies Law,"August 20, 2018",48,55,Action,1,-1,7
Scribblenauts Showdown,"March 6, 2018",47,43,Puzzle,6,-1,12
Desert Child,"December 11, 2018",46,67,Racing,7,-1,7
Make War,"April 16, 2020",46,74,Strategy,7,-1,7
AeternoBlade II,"October 11, 2019",44,42,Action,6,-1,12
Vaccine,"July 6, 2017",44,42,Action Adventure,6,-1,12
FIFA 20: Legacy Edition,"September 27, 2019",43,9,Sports,6,-1,12
The Elder Scrolls: Blades,"May 14, 2020",42,25,Role-Playing,6,-1,12
Contra: Rogue Corps,"September 24, 2019",42,48,Action,6,-1,12
Gleamlight,"August 20, 2020",42,25,Action,6,-1,12
Nickelodeon Kart Racers,"October 23, 2018",41,48,Racing,6,-1,7
Senran Kagura Reflexions,"September 13, 2018",39,77,Action,7,-1,7
Hello Neighbor,"July 27, 2018",39,39,Adventure,6,-1,12
The Deer God,"December 21, 2017",39,25,Action,6,-1,12
Blades of Time,"May 14, 2019",38,53,Action,6,-1,12
Touhou Kobuto V: Burst Battle,"October 10, 2017",38,51,Action,6,-1,12
Hollow,"February 22, 2018",36,44,Action Adventure,6,-1,12
Balan Wonderworld,"March 26, 2021",36,45,Action,6,-1,12
Arc of Alchemist,"January 30, 2020",36,33,Role-Playing,6,-1,12
Fantasy Hero: Unsigned Legacy,"January 25, 2018",34,41,Role-Playing,6,-1,12
ARK: Survival Evolved,"November 30, 2018",29,28,Action Adventure,6,-1,12
Tiny Racer,"July 31, 2020",29,68,Racing,6,-1,7
Vroom in the Night Sky,"April 5, 2017",17,33,Sports,6,-1,12
