name,release_date,metascore,user_score,genre
The Legend of Zelda: Breath of the Wild,"March 3, 2017",97,8.7,Action Adventure
Super Mario Odyssey,"October 27, 2017",97,8.9,Action
Portal Companion Collection,"June 28, 2022",96,8.2,Miscellaneous
The House in Fata Morgana - Dreams of the Revenants Edition -,"April 9, 2021",96,8.6,Adventure
The Legend of Zelda: Tears of the Kingdom,"May 12, 2023",95,8.7,Action Adventure
Tetris Effect: Connected,"October 8, 2021",94,7.9,Puzzle
Metroid Prime Remastered,"February 8, 2023",94,8.8,Action
Persona 5 Royal,"October 21, 2022",94,8.4,Role-Playing
Hades,"September 17, 2020",93,9.0,Role-Playing
Divinity: Original Sin II - Definitive Edition,"September 4, 2019",93,8.4,Role-Playing
Ori and the Will of the Wisps,"September 17, 2020",93,8.7,Action
Undertale,"September 18, 2018",93,8.2,Role-Playing
Super Smash Bros. Ultimate,"December 7, 2018",93,8.6,Action
Celeste,"January 25, 2018",92,8.6,Action
Xenoblade Chronicles 3: Expansion Pass Wave 4 - Future Redeemed,"April 25, 2023",92,9.1,Role-Playing
Bayonetta 2,"February 16, 2018",92,8.6,Action Adventure
Mario Kart 8 Deluxe,"April 28, 2017",92,8.6,Other
Unavowed,"July 7, 2021",91,8.2,General
INSIDE,"June 28, 2018",91,8.6,Action
Dragon Quest XI S: Echoes of an Elusive Age - Definitive Edition,"September 27, 2019",91,8.6,Role-Playing
Sonic Mania Plus,"July 17, 2018",91,8.7,Action
SteamWorld Heist: Ultimate Edition,"December 28, 2017",91,8.2,Strategy
Shovel Knight: Treasure Trove,"March 3, 2017",91,8.3,Action
Animal Crossing: New Horizons,"March 20, 2020",90,5.6,Simulation
Persona 4 Golden,"January 19, 2023",90,8.4,Role-Playing
Ori and the Blind Forest: Definitive Edition,"September 27, 2019",90,8.5,Action
Bastion,"September 13, 2018",90,7.6,Role-Playing
Hollow Knight,"June 12, 2018",90,9.0,Action
Chained Echoes,"December 8, 2022",90,8.8,Role-Playing
Chicory: A Colorful Tale,"December 15, 2021",90,7.0,Adventure
Bayonetta + Bayonetta 2,"February 16, 2018",90,8.7,Miscellaneous
Xenoblade Chronicles: Definitive Edition,"May 29, 2020",89,8.8,Role-Playing
Dead Cells,"August 7, 2018",89,8.4,Action
Into the Breach,"August 28, 2018",89,7.9,Strategy
Super Mario 3D World + Bowser's Fury,"February 12, 2021",89,8.7,Action
Atari 50: The Anniversary Celebration,"November 11, 2022",89,7.8,Miscellaneous
Xenoblade Chronicles 3,"July 29, 2022",89,8.5,Role-Playing
Fire Emblem: Three Houses,"July 26, 2019",89,8.8,Strategy
NieR: Automata - The End of YoRHa Edition,"October 6, 2022",89,6.9,Role-Playing
Okami HD,"August 9, 2018",89,8.4,Action Adventure
Death's Door,"November 23, 2021",89,8.1,Action Adventure
A Short Hike,"August 18, 2020",88,8.5,Adventure
Neon White,"June 16, 2022",88,7.8,Action
DUSK,"October 28, 2021",88,8.2,Action
Hyper Light Drifter,"September 6, 2018",88,7.9,Role-Playing
Tunic,"September 27, 2022",88,8.5,Role-Playing
Cuphead in the Delicious Last Course,"June 30, 2022",88,8.3,Action
13 Sentinels: Aegis Rim,"April 12, 2022",88,8.8,Adventure
What Remains of Edith Finch,"July 4, 2019",88,7.8,Adventure
Fez,"April 14, 2021",88,6.8,Action
Metroid Dread,"October 8, 2021",88,8.7,Action
Super Mario Maker 2,"June 28, 2019",88,8.5,Action
Monster Hunter Rise,"March 26, 2021",88,6.8,Role-Playing
Downwell,"January 31, 2019",88,7.3,Action
Diablo III: Eternal Collection,"November 2, 2018",88,7.4,Role-Playing
SteamWorld Dig 2,"September 21, 2017",88,8.5,Action
Ikaruga,"May 29, 2018",88,7.8,Action
Cave Story +,"June 20, 2017",88,7.9,Action
Stardew Valley,"October 5, 2017",87,8.7,Role-Playing
Inscryption,"December 1, 2022",87,8.2,Strategy
Quake Remastered,"August 19, 2021",87,8.4,Action
Cuphead,"April 17, 2019",87,8.4,Action
The Stanley Parable: Ultra Deluxe,"April 27, 2022",87,8.2,Adventure
Astral Chain,"August 30, 2019",87,8.9,Action Adventure
Dragon Ball FighterZ,"September 28, 2018",87,7.8,Action
Kentucky Route Zero: TV Edition,"January 28, 2020",87,7.2,Adventure
Guacamelee! 2,"December 10, 2018",87,8.3,Action
Enter the Gungeon,"December 14, 2017",87,8.0,Action
The Legend of Zelda: Link's Awakening,"September 20, 2019",87,8.4,Action Adventure
Super Mega Baseball 3,"May 13, 2020",87,8.0,Sports
Two Point Campus,"August 9, 2022",87,6.7,Strategy
Tinykin,"August 30, 2022",87,8.4,Action
Teenage Mutant Ninja Turtles: Shredder's Revenge,"June 16, 2022",87,8.2,Action
Theatrhythm Final Bar Line,"February 16, 2023",87,7.3,Action
Overcooked! All You Can Eat,"March 23, 2021",87,7.9,Miscellaneous
OlliOlli World,"February 8, 2022",87,7.3,Action
Axiom Verge,"October 5, 2017",87,8.2,Action
Grindstone,"December 15, 2020",87,7.4,Puzzle
Katamari Damacy REROLL,"December 7, 2018",87,7.8,Action Adventure
Owlboy,"February 13, 2018",87,7.4,Action Adventure
Velocity 2X,"September 20, 2018",87,8.2,Action
Streets of Rage 4,"April 30, 2020",87,8.6,General
There is no game : Wrong dimension,"April 14, 2021",87,8.0,Adventure
Iconoclasts,"August 2, 2018",87,7.7,Action
The Last Friend,"April 7, 2022",86,7.6,Strategy
Bustafellows,"July 30, 2021",86,6.4,Adventure
Rocket League,"November 14, 2017",86,7.8,Sports
The Great Ace Attorney Chronicles,"July 27, 2021",86,8.0,Miscellaneous
Overboard!,"June 2, 2021",86,7.8,Adventure
The Messenger,"August 30, 2018",86,8.4,Action
Disco Elysium: The Final Cut,"October 12, 2021",86,8.3,Role-Playing
Unpacking,"November 2, 2021",86,7.2,Puzzle
Donkey Kong Country: Tropical Freeze,"May 4, 2018",86,8.6,Action
Monster Boy and the Cursed Kingdom,"December 4, 2018",86,8.1,Action
Transistor,"November 1, 2018",86,8.0,Role-Playing
Bayonetta 3,"October 28, 2022",86,7.2,Action Adventure
Minecraft,"June 21, 2018",86,7.4,Action Adventure
Shantae and the Pirate's Curse,"March 20, 2018",86,8.0,Action
Guacamelee! Super Turbo Championship Edition,"October 8, 2018",86,7.9,Action
The Legend of Heroes: Trails from Zero,"September 27, 2022",86,8.1,Role-Playing
Star Wars Pinball,"September 13, 2019",86,7.4,Action
Sid Meier's Civilization VI,"November 16, 2018",86,7.4,Strategy
Mario + Rabbids Sparks of Hope,"October 20, 2022",86,7.6,Strategy
Crypt of the NecroDancer: Nintendo Switch Edition,"February 1, 2018",86,7.0,Action
Warframe,"November 20, 2018",86,8.1,Action
Luigi's Mansion 3,"October 31, 2019",86,8.4,Action Adventure
AI: The Somnium Files,"September 17, 2019",86,8.8,Action Adventure
The Legend of Heroes: Trails to Azure,"March 14, 2023",86,8.1,Role-Playing
Assault Android Cactus+,"March 8, 2019",86,8.2,Action
Sumire,"May 27, 2021",86,7.7,Adventure
Huntdown,"May 12, 2020",86,8.3,Action
BlazBlue: Central Fiction - Special Edition,"February 7, 2019",86,8.0,Action
Sonic Mania,"August 15, 2017",86,8.7,Action
Mini Metro,"August 30, 2018",86,8.2,Strategy
Cadence of Hyrule: Crypt of the NecroDancer Featuring The Legend of Zelda,"June 13, 2019",85,8.0,Action
Thumper,"May 18, 2017",85,8.0,Action
Kingdom Two Crowns,"December 11, 2018",85,7.3,Action
Paranormasight: The Seven Mysteries of Honjo,"March 9, 2023",85,8.6,General
Blaster Master Zero II,"March 20, 2019",85,8.5,Action
Final Fantasy XII: The Zodiac Age,"April 30, 2019",85,8.2,Role-Playing
Slay the Spire,"June 6, 2019",85,8.2,Strategy
Bug Fables: The Everlasting Sapling,"May 28, 2020",85,8.4,Action Adventure
Night in the Woods,"February 1, 2018",85,7.6,Action Adventure
The Binding of Isaac: Afterbirth +,"March 17, 2017",85,8.3,Action
Mario Kart 8 Deluxe: Booster Course Pass - Wave 4,"March 9, 2023",85,7.8,Racing
Easy Come Easy Golf,"September 13, 2022",85,5.7,Sports
The Witcher 3: Wild Hunt - Complete Edition,"October 15, 2019",85,8.4,Role-Playing
Monster Hunter Rise: Sunbreak,"June 30, 2022",85,3.7,Role-Playing
Two Point Hospital,"February 25, 2020",85,8.2,Simulation
Tony Hawk's Pro Skater 1 + 2,"June 25, 2021",85,7.5,Sports
Doki Doki Literature Club Plus!,"June 30, 2021",85,8.4,Adventure
Pikmin 3 Deluxe,"October 30, 2020",85,8.6,Strategy
Dragon Quest Builders 2,"July 12, 2019",85,8.3,Role-Playing
Heroes of Hammerwatch - Ultimate Edition,"July 29, 2020",85,7.5,Role-Playing
West of Loathing,"May 31, 2018",85,7.9,Role-Playing
Return to Monkey Island,"September 19, 2022",85,7.6,Adventure
Kirby and the Forgotten Land,"March 25, 2022",85,8.8,Action
A Space For The Unbound,"January 19, 2023",85,7.8,Adventure
Tangle Tower,"October 22, 2019",85,7.7,Action
Steins;Gate Elite,"February 19, 2019",85,8.0,Action
Darkest Dungeon,"January 18, 2018",85,8.1,Role-Playing
Mutant Mudds Collection,"December 14, 2017",85,8.2,Action
NeuroVoider,"September 7, 2017",85,7.8,Action
Shovel Knight Dig,"September 23, 2022",85,7.2,Action
Octopath Traveler II,"February 24, 2023",85,8.1,Role-Playing
Final Fantasy X / X-2 HD Remaster,"April 16, 2019",85,7.6,Miscellaneous
Mario + Rabbids: Kingdom Battle,"August 29, 2017",85,8.3,Action
Disgaea 4 Complete+,"October 29, 2019",85,7.2,Strategy
Tactics Ogre: Reborn,"November 11, 2022",84,5.5,Strategy
Keep Talking and Nobody Explodes,"August 16, 2018",84,7.8,Adventure
Shantae: Half-Genie Hero - Ultimate Edition,"May 8, 2018",84,7.9,Action
Lonely Mountains: Downhill,"May 7, 2020",84,7.6,Sports
Thronebreaker: The Witcher Tales,"January 28, 2020",84,7.3,Strategy
Shin Megami Tensei V,"November 12, 2021",84,7.5,Role-Playing
Valkyria Chronicles,"October 16, 2018",84,8.1,Strategy
Shovel Knight: Specter of Torment,"March 3, 2017",84,8.1,Action
80 DAYS,"October 1, 2019",84,7.8,Adventure
WHAT THE GOLF?,"May 21, 2020",84,8.2,Sports
PowerWash Simulator,"January 31, 2023",84,5.4,Simulation
Toki Tori 2 +,"February 23, 2018",84,7.9,Puzzle
Bayonetta,"February 16, 2018",84,8.4,Action Adventure
Mega Man X Legacy Collection,"July 24, 2018",84,6.6,Miscellaneous
Rayman Legends: Definitive Edition,"September 12, 2017",84,8.4,Action
SNK vs. Capcom: Card Fighters' Clash,"January 12, 2022",84,5.0,Strategy
The Elder Scrolls V: Skyrim,"November 17, 2017",84,8.3,Role-Playing
Mushihimesama,"June 15, 2021",84,7.7,Action
Child of Light,"October 11, 2018",84,8.2,Role-Playing
Beacon Pines,"September 22, 2022",84,8.2,Adventure
AI: The Somnium Files - nirvanA Initiative,"June 24, 2022",84,8.1,Action Adventure
Wargroove,"February 1, 2019",84,7.2,General
Lovers in a Dangerous Spacetime,"October 3, 2017",84,8.1,Action
BioShock: The Collection,"May 29, 2020",84,8.4,Miscellaneous
The Legend of Heroes: Trails of Cold Steel III,"June 30, 2020",84,8.1,Role-Playing
Infernax,"February 14, 2022",84,7.6,Action
"Snipperclips Plus: Cut It Out, Together!","November 10, 2017",84,8.0,Puzzle
Atelier Ryza: Ever Darkness & the Secret Hideout,"October 29, 2019",84,8.3,General
Danmaku Unlimited 3,"March 13, 2018",84,8.1,Action
Sega Ages: Fantasy Zone,"January 23, 2020",84,8.2,Action
Baba Is You,"March 13, 2019",84,8.0,Action Adventure
Lil Gator Game,"December 14, 2022",84,8.3,Adventure
Sayonara Wild Hearts,"September 19, 2019",84,8.2,Action
Loop Hero,"December 9, 2021",84,7.5,Role-Playing
Spiritfarer,"August 18, 2020",84,8.3,Action Adventure
Timespinner,"June 4, 2019",84,7.3,Action
Ape Out,"February 28, 2019",84,6.4,Action
DREDGE,"March 30, 2023",84,8.2,Adventure
To the Moon,"January 16, 2020",84,8.1,Adventure
Sega Ages: OutRun,"January 10, 2019",84,7.9,Racing
Final Fantasy Pixel Remaster: FF35th Anniversary Edition,"May 1, 2023",84,7.5,Miscellaneous
Retro Bowl,"February 10, 2022",84,7.3,Sports
ENDER LILIES: Quietus of the Knights,"June 22, 2021",84,8.1,Action
It Takes Two,"November 4, 2022",84,8.8,Action Adventure
Super Meat Boy,"January 11, 2018",84,8.0,Action
Ni no Kuni: Wrath of the White Witch,"September 20, 2019",84,7.7,Role-Playing
World of Goo,"March 16, 2017",84,7.7,Puzzle
Just Shapes & Beats,"May 31, 2018",83,8.4,Action
VA-11 Hall-A: Cyberpunk Bartender Action,"May 2, 2019",83,7.9,Simulation
Castlevania Advance Collection,"September 23, 2021",83,8.4,Miscellaneous
Lumines Remastered,"June 26, 2018",83,8.1,Puzzle
Fortnite,"June 12, 2018",83,4.9,Action
Tetris 99,"February 13, 2019",83,8.1,Puzzle
Tales of Vesperia: Definitive Edition,"January 11, 2019",83,7.7,Role-Playing
Alien: Isolation,"December 5, 2019",83,8.6,Action Adventure
Nobody Saves the World,"April 14, 2022",83,8.0,Role-Playing
Mega Man Legacy Collection,"May 22, 2018",83,6.9,Miscellaneous
Splatoon 3,"September 9, 2022",83,6.8,Action
Ring Fit Adventure,"October 18, 2019",83,8.6,Miscellaneous
Mario Kart 8 Deluxe: Booster Course Pass - Wave 3,"December 7, 2022",83,7.5,Racing
Wayward Strand,"September 15, 2022",83,tbd,Adventure
Danganronpa Decadence,"December 3, 2021",83,8.1,Miscellaneous
Duck Game,"May 1, 2019",83,8.0,Action
Splatoon 2,"July 21, 2017",83,8.4,Action
Shovel Knight Pocket Dungeon,"December 13, 2021",83,6.7,General
Labyrinth of Galleria: The Moon Society,"February 14, 2023",83,tbd,Role-Playing
Knockout City,"May 21, 2021",83,5.4,Action
Knights and Bikes,"February 6, 2020",83,5.5,Action Adventure
Shovel Knight: King of Cards,"December 10, 2019",83,8.0,Action
The Banner Saga 3,"July 26, 2018",83,8.1,Strategy
Octopath Traveler,"July 12, 2018",83,8.4,General
Teenage Mutant Ninja Turtles: The Cowabunga Collection,"August 30, 2022",83,7.7,Miscellaneous
Mega Man Zero / ZX Legacy Collection,"February 25, 2020",83,6.6,Miscellaneous
OlliOlli: Switch Stance,"February 14, 2019",83,7.4,Miscellaneous
Cupid Parasite,"November 2, 2021",83,6.3,Adventure
Moonlighter,"November 5, 2018",83,7.8,Role-Playing
GRIS,"December 13, 2018",83,8.5,Action
UnderMine,"February 11, 2021",83,7.7,Action
LIMBO,"June 28, 2018",83,8.1,Action
Xenoblade Chronicles 2,"December 1, 2017",83,8.5,Role-Playing
Record of Lodoss War: Deedlit in Wonder Labyrinth,"January 28, 2022",83,7.3,Action
Dark Souls Remastered,"October 19, 2018",83,8.1,Role-Playing
Collection of Mana,"June 11, 2019",83,7.9,Miscellaneous
Citizen Sleeper,"May 5, 2022",83,7.9,Role-Playing
Pokemon Legends: Arceus,"January 28, 2022",83,8.1,Role-Playing
Overcooked! 2: Surf 'n' Turf,"October 3, 2018",83,7.1,Action
Chicken Police - Paint it RED!,"November 5, 2020",83,7.2,Adventure
Triangle Strategy,"March 4, 2022",83,8.0,Strategy
Sega Ages: Sonic the Hedgehog 2,"February 20, 2020",83,7.9,Action
Gorogoa,"December 14, 2017",83,7.9,Puzzle
Katana ZERO,"April 17, 2019",83,8.5,Action
Killer Queen Black,"October 11, 2019",83,8.1,Action
Star Wars: Knights of the Old Republic,"November 11, 2021",83,7.5,Role-Playing
Splasher,"October 26, 2017",83,8.2,Action
Dynasty Warriors 8: Xtreme Legends - Definitive Edition,"December 27, 2018",83,9.0,Action
The Last Campfire,"August 27, 2020",83,7.6,Puzzle
Flipping Death,"August 7, 2018",83,7.4,Action
Worms W.M.D,"November 23, 2017",83,7.5,Strategy
The Excavation of Hob's Barrow,"January 25, 2023",83,6.0,Adventure
No Man's Sky,"October 7, 2022",83,8.3,Action Adventure
Code:Realize - Guardian of Rebirth,"February 6, 2020",83,6.8,Adventure
Reventure,"October 8, 2019",83,7.8,Action
Atelier Mysterious Trilogy Deluxe Pack,"April 22, 2021",82,7.1,Miscellaneous
Islets,"August 24, 2022",82,7.4,Action
Yoku's Island Express,"May 29, 2018",82,8.3,Action
No More Heroes,"October 28, 2020",82,8.1,Action
Atelier Ryza 3: Alchemist of the End & the Secret Key,"March 24, 2023",82,9.4,Role-Playing
Pinball FX3,"December 12, 2017",82,7.8,Action
Dorfromantik,"September 29, 2022",82,7.0,Strategy
Lost in Play,"August 10, 2022",82,7.3,Adventure
Flat Heroes,"August 2, 2018",82,8.6,Action
Advance Wars 1 + 2: Re-Boot Camp,"April 21, 2023",82,8.2,Strategy
Horizon Chase Turbo,"November 28, 2018",82,8.2,Racing
Espgaluda II -Be Ascension. The Third Bright Stone of Birth-,"September 9, 2021",82,tbd,Action
CrossCode,"July 9, 2020",82,7.7,Role-Playing
Ruiner,"June 18, 2020",82,7.8,Action
No More Heroes 2: Desperate Struggle,"October 28, 2020",82,8.0,Action
Hotline Miami Collection,"August 19, 2019",82,8.1,Miscellaneous
Mario + Rabbids: Kingdom Battle - Donkey Kong Adventure,"June 26, 2018",82,8.2,Strategy
Azure Striker Gunvolt 3,"July 28, 2022",82,8.1,Action
Tadpole Treble Encore,"January 21, 2021",82,7.8,Adventure
Valkyria Chronicles 4,"September 25, 2018",82,8.4,Strategy
Dreamscaper,"August 5, 2021",82,6.6,Role-Playing
Shadowverse: Champion's Battle,"August 10, 2021",82,7.9,Strategy
Sega Ages: Virtua Racing,"June 27, 2019",82,7.9,Racing
Bloodstained: Curse of the Moon 2,"July 10, 2020",82,8.4,Action
Super Mario 3D All-Stars,"September 18, 2020",82,6.4,Miscellaneous
LEGO Star Wars: The Skywalker Saga,"April 5, 2022",82,7.4,Action Adventure
Sky: Children of the Light,"June 29, 2021",82,6.8,Action Adventure
Under Night In-Birth Exe:Late[cl-r],"February 20, 2020",82,7.9,Action
Terraria,"June 27, 2019",82,8.2,Action Adventure
Swords & Soldiers II: Shawarmageddon,"March 1, 2019",82,8.2,Strategy
Salt and Sanctuary,"August 2, 2018",82,7.9,Action
Vectronom,"May 29, 2019",82,7.4,Puzzle
Astalon: Tears of the Earth,"June 3, 2021",82,5.6,Action
Slime-san,"June 8, 2017",82,8.0,Action Adventure
Little Nightmares II,"February 11, 2021",82,8.2,Action Adventure
Horace,"October 21, 2020",82,7.8,Adventure
The Mageseeker: A League of Legends Story,"April 18, 2023",82,5.6,Role-Playing
Animal Crossing: New Horizons - Happy Home Paradise,"November 5, 2021",82,7.9,Simulation
Borderlands Legendary Collection,"May 29, 2020",82,8.3,Miscellaneous
Devil May Cry 3: Special Edition,"February 20, 2020",82,7.8,Action Adventure
Ib,"March 9, 2023",82,7.3,Action Adventure
Endling - Extinction is Forever,"July 19, 2022",82,7.9,Action Adventure
NEO: The World Ends With You,"July 27, 2021",82,8.4,Role-Playing
Splatoon 2: Octo Expansion,"June 13, 2018",82,8.5,Action
Bloodstained: Curse of the Moon,"May 24, 2018",82,8.3,Action
Lunistice,"November 10, 2022",82,5.2,Action
SOLAS 128,"January 25, 2021",82,tbd,Puzzle
Freedom Planet,"August 30, 2018",82,7.9,Action
Ys VIII: Lacrimosa of DANA,"June 26, 2018",82,8.6,Role-Playing
Ys Origin,"October 1, 2020",82,8.0,Role-Playing
Thimbleweed Park,"September 21, 2017",82,8.2,Adventure
Coffee Talk Episode 2: Hibiscus & Butterfly,"April 20, 2023",82,tbd,Adventure
Pillars of Eternity: Complete Edition,"August 8, 2019",82,2.7,Role-Playing
Toki Tori,"March 30, 2018",82,7.8,Puzzle
Clubhouse Games: 51 Worldwide Classics,"June 5, 2020",82,7.7,Miscellaneous
Gnosia,"March 4, 2021",82,8.2,Adventure
Shantae: Half-Genie Hero,"June 8, 2017",82,7.6,Action
Victor Vran: Overkill Edition,"August 28, 2018",82,7.9,Role-Playing
Cyber Shadow,"January 26, 2021",82,7.5,Action
Unravel Two,"March 22, 2019",82,7.9,Action
Captain Toad: Treasure Tracker,"July 13, 2018",82,7.9,Puzzle
Wandersong,"September 27, 2018",82,8.2,Action
RIVE: Ultimate Edition,"November 17, 2017",82,7.7,Action
Penko Park,"September 27, 2022",82,tbd,Adventure
Fuga: Melodies of Steel,"July 29, 2021",82,8.1,Role-Playing
Azure Striker Gunvolt: Striker Pack,"August 31, 2017",82,8.0,Miscellaneous
Final Fantasy VII,"March 26, 2019",81,7.7,Role-Playing
Umurangi Generation,"June 5, 2021",81,6.9,Adventure
Dragon Quest Builders,"February 9, 2018",81,8.0,Action Adventure
Cytus Alpha,"April 25, 2019",81,7.5,Action
Disgaea 5 Complete,"May 23, 2017",81,8.2,Strategy
Live A Live,"July 22, 2022",81,7.4,Role-Playing
The Kids We Were: Complete Edition,"December 2, 2021",81,tbd,Adventure
Super One More Jump,"January 25, 2018",81,8.2,Action
Oxenfree,"October 6, 2017",81,7.6,Action Adventure
Tokyo Mirage Sessions #FE Encore,"January 17, 2020",81,6.2,Role-Playing
Contra Anniversary Collection,"June 11, 2019",81,7.0,Miscellaneous
Teslagrad,"December 7, 2017",81,8.0,Action
Paradise Killer,"September 4, 2020",81,7.9,Adventure
The Lion's Song,"July 10, 2018",81,7.9,Adventure
Overcooked! 2,"August 7, 2018",81,7.8,Action
Cotton Reboot!,"July 20, 2021",81,7.6,Action
Jet Lancer,"May 12, 2020",81,tbd,Action
Aviary Attorney: Definitive Edition,"January 30, 2020",81,8.0,Adventure
VOEZ,"March 9, 2017",81,8.0,Action
Untitled Goose Game,"September 20, 2019",81,7.5,Simulation
Persona 3 Portable,"January 19, 2023",81,6.4,Role-Playing
Persona 4 Arena Ultimax,"March 17, 2022",81,6.5,Action
Dodgeball Academia,"August 5, 2021",81,8.2,Sports
Everhood,"March 4, 2021",81,7.7,Action Adventure
Operencia: The Stolen Sun,"March 31, 2020",81,7.7,Role-Playing
Wunderling,"March 5, 2020",81,8.0,Action
Fly Together!,"April 29, 2021",81,tbd,Strategy
R-Type Dimensions EX,"November 28, 2018",81,8.0,Miscellaneous
Rune Factory 4 Special,"February 25, 2020",81,8.3,Role-Playing
WindJammers,"October 23, 2018",81,8.1,Sports
The Legend of Heroes: Trails of Cold Steel IV,"April 9, 2021",81,7.6,Role-Playing
Okinawa Rush,"October 28, 2021",81,8.3,Action
Torchlight II,"September 3, 2019",81,8.2,Role-Playing
Dungeon Encounters,"October 14, 2021",81,6.6,Role-Playing
Going Under,"September 24, 2020",81,7.1,Action Adventure
Puyo Puyo Tetris,"April 25, 2017",81,8.1,Puzzle
SIFU,"November 8, 2022",81,7.4,Action
Captain Toad: Treasure Tracker - Special Episode,"March 14, 2019",81,8.2,Puzzle
The Legend of Zelda: Skyward Sword HD,"July 16, 2021",81,7.2,Action Adventure
Embracelet,"September 24, 2020",81,7.6,Adventure
Bayonetta Origins: Cereza and the Lost Demon,"March 17, 2023",81,8.7,Action Adventure
Castlevania Anniversary Collection,"May 16, 2019",81,8.3,Miscellaneous
Monster Hunter Stories 2: Wings of Ruin,"July 9, 2021",81,6.2,General
Littlewood,"February 25, 2021",81,8.0,Adventure
Hand of Fate 2,"July 17, 2018",81,8.2,Miscellaneous
Pocky & Rocky Reshrined,"June 24, 2022",81,8.3,Action
Railbound,"December 1, 2022",81,tbd,Puzzle
Fast RMX,"March 3, 2017",81,7.9,Racing
Street Fighter: 30th Anniversary Collection,"May 29, 2018",81,7.6,Miscellaneous
Persona 5 Strikers,"February 23, 2021",81,8.2,Role-Playing
Tin Hearts,"April 20, 2023",81,8.8,General
Rainbow Billy: The Curse of the Leviathan,"October 5, 2021",81,5.6,Action
Gunvolt Chronicles: Luminous Avenger iX,"September 26, 2019",81,8.0,Action
Mini Motorways,"May 11, 2022",81,tbd,Strategy
Arise: A Simple Story - Definitive Edition,"April 28, 2022",81,8.0,Adventure
Phoenix Wright: Ace Attorney Trilogy,"April 9, 2019",81,8.4,Miscellaneous
Dungeons of Dreadrock,"May 12, 2022",81,7.4,Action Adventure
Winds of Change,"June 3, 2021",81,8.0,Adventure
Genesis Noir,"March 26, 2021",81,6.8,Adventure
Nowhere Prophet,"July 30, 2020",81,6.3,Strategy
The Darkside Detective,"February 7, 2018",81,8.2,Adventure
Ruined King: A League of Legends Story,"November 16, 2021",81,7.1,Role-Playing
SteamWorld Quest: Hand of Gilgamech,"April 25, 2019",81,7.7,Strategy
Dawn of the Monsters,"March 15, 2022",81,tbd,Action
Disc Room,"October 22, 2020",81,tbd,Puzzle
Songbird Symphony,"July 25, 2019",81,7.8,Action
The Legend of Zelda: Breath of the Wild - The Champions' Ballad,"December 7, 2017",81,8.5,Action Adventure
BoxBoy! + BoxGirl!,"April 26, 2019",81,8.0,Puzzle
Battle Chef Brigade,"November 20, 2017",81,8.1,Action
AVICII Invector Encore Edition,"September 8, 2020",81,8.0,Action
Yooka-Laylee and the Impossible Lair,"October 8, 2019",81,7.7,Action
Catherine: Full Body,"July 7, 2020",80,8.1,Action Adventure
Fire Emblem Warriors: Three Hopes,"June 24, 2022",80,8.9,Strategy
The Red Strings Club,"March 14, 2019",80,7.6,Adventure
Nuclear Blaze,"April 28, 2023",80,tbd,Action
Rogue Legacy,"November 6, 2018",80,7.9,Action
Metro Redux,"February 28, 2020",80,8.4,Miscellaneous
Crash Team Racing: Nitro-Fueled,"June 21, 2019",80,6.4,Racing
Atelier Sophie 2: The Alchemist of the Mysterious Dream,"February 25, 2022",80,9.1,Role-Playing
ABZU,"November 29, 2018",80,7.7,Adventure
Yomawari: Lost in the Dark,"October 25, 2022",80,7.6,Action Adventure
Vitamin Connection,"January 17, 2020",80,8.1,Action
Children of Morta,"November 20, 2019",80,8.3,Role-Playing
"Snipperclips - Cut it out, together!","March 3, 2017",80,8.2,Puzzle
Resident Evil 4,"May 21, 2019",80,8.5,Action Adventure
Fashion Police Squad,"February 2, 2023",80,tbd,Action
Trine 4: The Nightmare Prince,"October 8, 2019",80,7.8,Action
Pinball FX3: Bethesda Pinball,"April 4, 2018",80,8.0,Action
Assassin's Creed: The Rebel Collection,"December 6, 2019",80,8.0,Miscellaneous
Fire Emblem Engage,"January 20, 2023",80,6.6,Strategy
N++,"May 24, 2018",80,7.7,Action
Sakuna: Of Rice and Ruin,"November 10, 2020",80,8.3,Role-Playing
Crown Trick,"October 16, 2020",80,7.7,Role-Playing
The Banner Saga 1,"May 17, 2018",80,8.0,Strategy
Pokemon Sword / Shield Dual Pack,"November 15, 2019",80,4.4,Role-Playing
New Super Mario Bros. U Deluxe,"January 11, 2019",80,7.0,Action
Xenoblade Chronicles 2: Torna ~ The Golden Country,"September 14, 2018",80,8.5,Role-Playing
South Park: The Fractured But Whole,"April 24, 2018",80,7.8,Role-Playing
Final Fantasy VIII Remastered,"September 3, 2019",80,7.1,Role-Playing
Boomerang X,"July 8, 2021",80,6.5,General
OkunoKA,"November 30, 2018",80,7.7,Action
The Banner Saga 2,"June 7, 2018",80,8.3,Strategy
Pokemon Shield,"November 15, 2019",80,4.7,Role-Playing
Sega Ages: Thunder Force AC,"May 28, 2020",80,tbd,Action
Zombie Army 4: Dead War,"April 26, 2022",80,7.1,Action
The Longing,"April 14, 2021",80,7.7,N/A
The End Is Nigh,"December 12, 2017",80,8.1,Action
Saviors of Sapphire Wings & Stranger of Sword City Revisited,"March 16, 2021",80,7.7,Miscellaneous
Ironcast,"August 10, 2017",80,7.9,Puzzle
DOOM Eternal,"December 8, 2020",80,8.6,Action
Mega Man X Legacy Collection 1 + 2,"July 24, 2018",80,6.9,Miscellaneous
Monster Hunter Generations Ultimate,"August 28, 2018",80,8.4,Role-Playing
A Little Golf Journey,"October 14, 2021",80,tbd,Sports
Alba: a Wildlife Adventure,"June 9, 2021",80,7.8,Adventure
Tales from the Borderlands: A Telltale Game Series,"March 23, 2021",80,8.9,Adventure
ScourgeBringer,"October 21, 2020",80,6.8,Action
Mr. Driller: Drill Land,"June 25, 2020",80,7.4,Puzzle
Resident Evil,"May 21, 2019",80,8.4,Action Adventure
Blazing Beaks,"May 10, 2019",80,7.8,Action
Mega Man 11,"October 2, 2018",80,7.5,Action
Ni no Kuni II: Revenant Kingdom - Prince's Edition,"September 17, 2021",80,8.2,Role-Playing
This War of Mine: Complete Edition,"November 27, 2018",80,8.4,Strategy
Puyo Puyo Tetris 2,"December 8, 2020",80,8.2,Puzzle
Rogue Aces,"April 12, 2018",80,7.6,Action
Blaster Master Zero III,"July 29, 2021",80,8.2,Action Adventure
Pokemon Sword,"November 15, 2019",80,4.7,Role-Playing
Capcom Arcade Stadium,"February 17, 2021",80,7.2,Miscellaneous
Fuser,"November 9, 2020",80,7.0,Action
Olympia Soiree,"September 9, 2021",80,tbd,Adventure
Faeria,"August 13, 2020",80,6.8,Miscellaneous
Blossom Tales: The Sleeping King,"December 21, 2017",80,7.8,Action Adventure
Atelier Ryza 2: Lost Legends & the Secret Fairy,"January 26, 2021",80,8.7,Role-Playing
Telling Lies,"April 28, 2020",80,6.4,Adventure
"Pokemon: Let's Go, Eevee!","November 16, 2018",80,6.4,Action RPG
Crash Bandicoot 4: It's About Time,"March 12, 2021",80,7.9,Action
Alwa's Legacy,"September 29, 2020",80,8.4,Action
Aaero: Complete Edition,"December 24, 2018",80,8.0,Action
Mario Party Superstars,"October 29, 2021",80,8.0,Miscellaneous
Skullgirls: 2nd Encore,"October 22, 2019",80,7.9,Action
Heave Ho,"August 29, 2019",80,7.8,Miscellaneous
Armello,"September 27, 2018",80,7.9,Miscellaneous
Card Shark,"June 2, 2022",80,7.5,Miscellaneous
Pac-Man Championship Edition 2 Plus,"February 22, 2018",80,7.4,Action
Hellblade: Senua's Sacrifice,"April 11, 2019",80,7.4,Action Adventure
Paper Mario: The Origami King,"July 17, 2020",80,7.0,Role-Playing
Battle Chasers: Nightwar,"May 15, 2018",80,7.9,Role-Playing
Sam & Max: Beyond Time and Space Remastered,"December 8, 2021",80,7.7,Adventure
Sega Genesis Classics,"December 7, 2018",80,8.2,Miscellaneous
VVVVVV,"November 17, 2017",80,8.1,Action
Taiko no Tatsujin: Rhythm Festival,"September 23, 2022",80,7.8,Action
Signs of the Sojourner,"March 18, 2021",80,2.8,Strategy
If Found...,"October 22, 2020",80,7.7,Adventure
Minit,"August 9, 2018",80,8.0,Adventure
Layers of Fear: Legacy,"February 21, 2018",80,7.2,Adventure
Wide Ocean Big Jacket,"February 4, 2020",79,7.2,Adventure
Chess Ultra,"November 2, 2017",79,6.7,Miscellaneous
Indivisible,"April 28, 2020",79,7.4,Role-Playing
Shantae and the Seven Sirens,"May 28, 2020",79,7.9,Action
Valfaris,"October 10, 2019",79,8.1,Action
Voice of Cards: The Forsaken Maiden,"February 17, 2022",79,6.1,Strategy
Tormented Souls,"April 14, 2022",79,6.7,Action Adventure
Tangledeep,"January 31, 2019",79,7.7,Role-Playing
Slayaway Camp: Butcher's Cut,"March 22, 2018",79,7.9,Puzzle
Detention,"March 1, 2018",79,8.2,Adventure
GoNNER,"June 29, 2017",79,7.3,Action
Naruto Shippuden: Ultimate Ninja Storm 4 - Road to Boruto,"April 24, 2020",79,7.8,Action
Yoshi's Crafted World,"March 28, 2019",79,7.9,Action
Variable Barricade,"February 24, 2022",79,tbd,Adventure
Cafe Enchante,"November 5, 2020",79,7.2,Adventure
Brothers: A Tale of Two Sons,"May 28, 2019",79,7.9,Action Adventure
Among Us,"December 15, 2020",79,6.5,Action Adventure
The Ninja Saviors: Return of the Warriors,"October 15, 2019",79,7.7,Action
Mega Man Legacy Collection + Mega Man Legacy Collection 2,"May 22, 2018",79,6.0,Miscellaneous
Ken Follett's The Pillars of the Earth,"March 1, 2023",79,tbd,Adventure
Stories Untold,"January 16, 2020",79,7.5,Adventure
Scott Pilgrim vs. the World: The Game - Complete Edition,"January 14, 2021",79,7.2,Action
Kaze and the Wild Masks,"March 26, 2021",79,8.2,Action
Shin-chan: Me and the Professor on Summer Vacation - The Endless Seven-Day Journey,"August 11, 2022",79,7.0,Adventure
The Touryst,"November 21, 2019",79,7.9,Action Adventure
Little Nightmares: Complete Edition,"May 18, 2018",79,8.0,Action Adventure
Hatsune Miku: Project Diva MegaMix,"May 15, 2020",79,8.6,Action
Arena of Valor,"September 25, 2018",79,6.8,Strategy
Pokken Tournament DX,"September 22, 2017",79,7.3,Action
Subsurface Circular,"March 1, 2018",79,7.9,Adventure
Carto,"October 27, 2020",79,6.6,Strategy
Crystal Crisis,"May 28, 2019",79,7.5,Puzzle
When The Past Was Around,"December 15, 2020",79,7.4,Adventure
Runbow,"July 3, 2018",79,7.0,Action
New Pokemon Snap,"April 30, 2021",79,6.9,Action
Neo Geo Pocket Color Selection Vol. 1,"March 17, 2021",79,8.2,Miscellaneous
Kirby's Return to Dream Land Deluxe,"February 24, 2023",79,8.8,Action
Capcom Arcade 2nd Stadium,"July 22, 2022",79,tbd,Miscellaneous
Sniper Elite 4,"November 17, 2020",79,8.5,Action
Kingdom Hearts: Melody of Memory,"November 13, 2020",79,8.0,Action
Steins;Gate 0,"December 10, 2019",79,8.7,Adventure
Death Road to Canada,"May 8, 2018",79,7.6,Action
"Pokemon: Let's Go, Pikachu!","November 16, 2018",79,6.3,Action RPG
Blazing Chrome,"July 11, 2019",79,7.9,Action
Birushana: Rising Flower of Genpei,"June 28, 2022",79,tbd,Adventure
Spyro Reignited Trilogy,"September 3, 2019",79,8.3,Miscellaneous
The Next Penelope,"December 21, 2017",79,7.2,Action
TOEM,"September 17, 2021",79,6.8,Adventure
Yu-Gi-Oh! Legacy of the Duelist: Link Evolution,"August 20, 2019",79,7.8,Strategy
FRAMED Collection,"May 17, 2018",79,7.3,Miscellaneous
Joe Dever's Lone Wolf,"February 16, 2018",79,7.9,Action
Fight'N Rage,"September 26, 2019",79,7.8,Action
Meg's Monster,"March 2, 2023",79,tbd,Role-Playing
Mad Rat Dead,"October 30, 2020",79,8.0,Action
Bleed 2,"March 8, 2018",79,7.7,Action
Outlast 2,"March 27, 2018",79,7.5,Action Adventure
Cult of the Lamb,"August 11, 2022",79,5.6,Action Adventure
DOOM,"November 10, 2017",79,8.5,Action
I Am Dead,"October 8, 2020",79,7.1,Adventure
F.I.S.T.: Forged In Shadow Torch,"July 12, 2022",79,6.5,Action
River City Girls,"September 5, 2019",79,7.1,Action
Deru - The Art of Cooperation,"November 7, 2018",79,8.0,Puzzle
Steredenn: Binary Stars,"March 8, 2018",79,7.8,Action
L.A. Noire,"November 14, 2017",79,8.1,Action Adventure
Neon Abyss,"July 14, 2020",79,6.0,Action
Wonder Boy: The Dragon's Trap,"April 18, 2017",79,7.9,Action
Wolfenstein II: The New Colossus,"June 29, 2018",79,7.5,Action
World of Final Fantasy Maxima,"November 6, 2018",79,8.2,Role-Playing
A Musical Story,"March 3, 2022",79,tbd,Action
Astrologaster,"February 18, 2021",79,tbd,Adventure
World End Syndrome,"May 2, 2019",79,8.0,Adventure
GRID Autosport,"September 19, 2019",79,8.3,Racing
Agent A: A Puzzle In Disguise,"August 29, 2019",79,7.6,Puzzle
Sega Ages: Puyo Puyo 2,"February 20, 2020",79,7.8,Puzzle
LEGO Marvel Super Heroes,"October 5, 2021",79,tbd,Action Adventure
BlazBlue: Cross Tag Battle,"June 5, 2018",79,7.6,Action
Skies of Fury DX,"April 12, 2018",79,7.3,Simulation
The Gardens Between,"September 20, 2018",79,7.9,Adventure
Mechstermination Force,"April 3, 2019",79,6.8,Action
Golf Story,"September 28, 2017",78,8.2,Action Adventure
Capcom Fighting Collection,"June 24, 2022",78,4.5,Miscellaneous
SNK vs. Capcom: Match of the Millennium,"February 17, 2021",78,7.5,Action
Aokana - Four Rhythms Across the Blue,"August 21, 2020",78,7.4,Adventure
Octahedron: Transfixed Edition,"January 17, 2019",78,7.6,Action
River City Girls 2,"December 15, 2022",78,4.8,Action
Cotton Fantasy,"May 20, 2022",78,8.7,Action
Immortals Fenyx Rising,"December 3, 2020",78,7.5,General
The Jackbox Party Pack 5,"October 17, 2018",78,7.4,Miscellaneous
Mortal Kombat 11,"April 23, 2019",78,4.0,Action
Hyrule Warriors: Age of Calamity,"November 20, 2020",78,7.9,Action
Unbound: Worlds Apart,"July 28, 2021",78,7.6,Action
DARQ: Complete Edition,"March 18, 2021",78,7.6,Action Adventure
Ibb & Obb,"March 5, 2020",78,7.1,Puzzle
Double Dragon & Kunio-kun Retro Brawler Bundle,"February 20, 2020",78,8.0,Miscellaneous
Atelier Lulua: The Scion of Arland,"May 21, 2019",78,7.2,Role-Playing
TumbleSeed,"May 2, 2017",78,7.5,Action
WindJammers 2,"January 20, 2022",78,7.4,Sports
Murder by Numbers,"March 5, 2020",78,7.5,Adventure
GrimGrimoire OnceMore,"April 4, 2023",78,tbd,Strategy
Vengeful Guardian: Moonrider,"January 12, 2023",78,8.4,Action
Golf Peaks,"March 14, 2019",78,7.7,Sports
In Other Waters,"April 3, 2020",78,6.3,Adventure
Root Double: Before Crime * After Days - Xtend Edition,"November 26, 2020",78,tbd,Adventure
Musynx,"June 19, 2018",78,7.7,Action
Blaster Master Zero,"March 9, 2017",78,7.6,Action
Full Metal Furies,"November 6, 2018",78,7.5,Action
Burnout Paradise Remastered,"June 19, 2020",78,7.9,Racing
Resident Evil: Revelations Collection,"November 28, 2017",78,8.4,Miscellaneous
CastleStorm,"August 16, 2018",78,7.4,Strategy
Part Time UFO,"October 28, 2020",78,7.5,Action
Forager,"July 30, 2019",78,6.7,Action Adventure
Revita,"April 21, 2022",78,tbd,Action
Not Tonight: Take Back Control Edition,"January 31, 2020",78,5.8,Strategy
Capcom Beat 'Em Up Bundle,"September 18, 2018",78,7.2,Miscellaneous
Once Upon a Jester...,"November 9, 2022",78,6.8,Adventure
ANNO: Mutationem,"September 1, 2022",78,7.0,Action
Samurai Warriors 5,"July 27, 2021",78,8.0,Action
Curse of the Dead Gods,"February 23, 2021",78,7.8,Role-Playing
Dragon's Dogma: Dark Arisen,"April 23, 2019",78,8.2,Role-Playing
My Friend Pedro,"June 20, 2019",78,7.8,Action
Taiko no Tatsujin: Drum 'n' Fun!,"November 2, 2018",78,8.0,Action
Shinsekai: Into the Depths,"March 26, 2020",78,8.3,Action
Sega Ages: Shinobi,"January 23, 2020",78,8.5,Action
Cosmic Star Heroine,"August 14, 2018",78,7.4,Role-Playing
Puzzle Quest: The Legend Returns,"September 19, 2019",78,7.5,Puzzle
"Please, Touch The Artwork","September 3, 2022",78,tbd,Puzzle
Dying Light: Platinum Edition,"October 19, 2021",78,8.3,Action Adventure
Resident Evil: Revelations,"November 28, 2017",78,8.0,Action Adventure
Rogue Heroes: Ruins of Tasos,"February 23, 2021",78,8.0,Role-Playing
Nelly Cootalot: The Fowl Fleet,"July 11, 2019",78,8.0,Adventure
Chrono Cross: The Radical Dreamers Edition,"April 7, 2022",78,4.2,Role-Playing
Eastward,"September 16, 2021",78,7.7,Role-Playing
LEGO City Undercover,"April 4, 2017",78,7.8,Action Adventure
Sol Cresta,"February 22, 2022",78,7.4,Action
PixelJunk Eden 2,"December 10, 2020",78,8.0,Action
Never Give Up,"August 13, 2019",78,8.0,Action
ATOMIK: RunGunJumpGun,"February 8, 2018",78,7.9,Action
Lost in Random,"September 10, 2021",78,7.5,Action Adventure
Andro Dunos 2,"March 24, 2022",78,tbd,Action
The Legend of Zelda: Breath of the Wild - The Master Trials,"June 30, 2017",78,7.7,Action Adventure
Klonoa Phantasy Reverie Series,"July 8, 2022",78,7.9,Miscellaneous
Rain on Your Parade,"April 15, 2021",78,tbd,Puzzle
Bugsnax,"April 28, 2022",78,7.8,Action Adventure
Death Squared,"July 13, 2017",78,7.7,General
Life is Strange: True Colors,"December 7, 2021",78,7.5,Action Adventure
Dandy Dungeon: Legend of Brave Yamada,"June 27, 2019",78,7.7,Puzzle
Good Job!,"March 26, 2020",78,8.0,Puzzle
Lost Words: Beyond the Page,"April 6, 2021",78,8.0,Action
Blue Reflection: Second Light,"November 9, 2021",78,8.5,Role-Playing
Trials Rising,"February 26, 2019",78,7.6,Racing
SNK 40th Anniversary Collection,"November 13, 2018",78,7.3,Miscellaneous
Hyrule Warriors: Definitive Edition,"May 18, 2018",78,7.9,Action
Crash Bandicoot N. Sane Trilogy,"June 29, 2018",78,7.9,Miscellaneous
Mary Skelter Finale,"September 30, 2021",78,tbd,Role-Playing
EVERSPACE: Stellar Edition,"December 11, 2018",78,7.6,Simulation
Have a Nice Death,"March 22, 2023",78,7.5,Action
Olija,"January 28, 2021",78,7.0,Action
Death's Gambit: Afterlife,"September 30, 2021",78,8.1,Action
Dragon Ball Z: Kakarot + A New Power Awakens Set,"September 24, 2021",78,8.0,Role-Playing
Haven,"February 4, 2021",78,6.3,Adventure
Wingspan,"December 29, 2020",78,7.3,Strategy
PHOGS!,"December 3, 2020",78,tbd,Adventure
Piofiore: Fated Memories,"October 8, 2020",78,7.3,Action
Inmost,"August 21, 2020",78,7.8,Action
Depixtion,"February 28, 2020",78,8.3,Puzzle
Graceful Explosion Machine,"April 6, 2017",77,7.9,Action
Story of Seasons: Friends of Mineral Town,"July 14, 2020",77,7.9,Strategy
Tiny Barbarian DX,"October 10, 2017",77,7.7,Action
Pawarumi,"July 24, 2019",77,7.9,Action
Lover Pretend,"December 1, 2022",77,tbd,Adventure
Blossom Tales 2: The Minotaur Prince,"August 16, 2022",77,8.0,Action Adventure
Nintendo Labo: Toycon 01 Variety Kit,"April 20, 2018",77,6.9,Miscellaneous
Puzzle Bobble Everybubble!,"May 23, 2023",77,tbd,Puzzle
Touhou Spell Bubble,"October 29, 2020",77,6.6,Puzzle
Mega Man Battle Network Legacy Collection,"April 14, 2023",77,6.8,Miscellaneous
1979 Revolution: Black Friday,"August 2, 2018",77,7.1,Adventure
Crisis Core: Final Fantasy VII Reunion,"December 13, 2022",77,8.1,Role-Playing
Cat Quest II,"October 24, 2019",77,8.1,Action
Flashback,"June 17, 2018",77,7.8,Action
Pinstripe,"October 25, 2018",77,8.2,Miscellaneous
Blasphemous,"September 10, 2019",77,7.8,Action
Kombinera,"April 7, 2022",77,tbd,Puzzle
XCOM 2 Collection,"May 29, 2020",77,6.6,Strategy
Gunvolt Chronicles: Luminous Avenger iX 2,"January 27, 2022",77,7.4,Action
Bomb Chicken,"July 12, 2018",77,7.7,Action
The Adventure Pals,"April 3, 2018",77,7.7,Action
Ittle Dew 2+,"November 14, 2017",77,7.8,Role-Playing
Super Crush K.O.,"January 16, 2020",77,7.8,Action
Digimon Survive,"July 29, 2022",77,7.3,Role-Playing
Darksiders II: Deathinitive Edition,"September 26, 2019",77,8.3,Action Adventure
Golf Club: Wasteland,"September 3, 2021",77,7.9,Adventure
The Turing Test,"February 7, 2020",77,6.0,Action
Lumo,"November 14, 2017",77,7.3,Action
ARMS,"June 16, 2017",77,7.2,Action
ITTA,"April 22, 2020",77,7.8,Action
20XX,"July 10, 2018",77,7.6,Action
Diablo II: Resurrected,"September 23, 2021",77,2.8,Role-Playing
Heaven's Vault,"January 28, 2021",77,tbd,Adventure
Oddworld: Abe's Oddysee - New 'n' Tasty,"October 27, 2020",77,7.6,Action
Ion Fury,"May 14, 2020",77,7.1,Action
My Memory of Us,"January 24, 2019",77,7.4,Action
Outlast: Bundle of Terror,"February 27, 2018",77,8.3,Action Adventure
Human Resource Machine,"March 16, 2017",77,7.6,Puzzle
The Centennial Case: A Shijima Story,"May 12, 2022",77,5.0,Adventure
moon,"August 27, 2020",77,8.0,Role-Playing
Just Dance 2023 Edition,"November 22, 2022",77,5.3,Action
Pure Pool,"November 17, 2020",77,5.8,Sports
Panzer Paladin,"July 21, 2020",77,7.4,Action
Grow: Song of the Evertree,"November 16, 2021",77,7.6,Action Adventure
Valiant Hearts: The Great War,"November 8, 2018",77,8.0,Action
Chaos;Head Noah / Chaos;Child Double Pack,"October 7, 2022",77,tbd,Miscellaneous
The Pathless,"February 2, 2023",77,tbd,Action Adventure
Mario Kart 8 Deluxe: Booster Course Pass - Wave 2,"August 4, 2022",77,7.4,Racing
Northgard,"September 26, 2019",77,7.6,Strategy
Mega Man Legacy Collection 2,"May 22, 2018",77,5.3,Miscellaneous
Overcooked!: Special Edition,"July 27, 2017",77,7.7,Action
Lunark,"March 30, 2023",77,tbd,Action
The World Ends with You: Final Remix,"October 12, 2018",77,7.3,Role-Playing
Moving Out,"April 28, 2020",77,7.1,Simulation
The Book of Unwritten Tales 2,"February 5, 2019",77,7.9,Adventure
Football Manager Touch 2018,"April 13, 2018",77,6.8,Sports
Mantis Burn Racing,"November 23, 2017",77,7.8,Racing
Tiny Metal: Full Metal Rumble,"July 11, 2019",77,7.5,Strategy
Darksiders: Warmastered Edition,"April 2, 2019",77,8.0,Action Adventure
Space Invaders: Invincible Collection,"August 17, 2021",77,tbd,Miscellaneous
Game Builder Garage,"June 11, 2021",77,7.7,Miscellaneous
Do Not Feed the Monkeys,"June 1, 2020",77,tbd,Simulation
Bravely Default II,"February 26, 2021",76,7.9,Role-Playing
New Super Lucky's Tale,"November 8, 2019",76,7.8,Action
DOOM 64,"March 20, 2020",76,8.4,Action
Disgaea 1 Complete,"October 9, 2018",76,7.8,Strategy
Grapple Dog,"February 10, 2022",76,7.0,Action
Carrion,"July 23, 2020",76,8.1,Action
OPUS: Echo of Starsong - Full Bloom Edition,"May 11, 2022",76,7.7,Adventure
Journey of the Broken Circle,"September 18, 2020",76,6.8,Adventure
The Long Dark,"September 17, 2020",76,5.6,Action Adventure
For the King,"May 9, 2019",76,6.4,Role-Playing
Super Monkey Ball: Banana Mania,"October 5, 2021",76,7.2,Party / Minigame
inbento,"March 12, 2020",76,8.4,Puzzle
Wizard of Legend,"May 15, 2018",76,7.7,Role-Playing
Voice of Cards: The Isle Dragon Roars,"October 28, 2021",76,8.0,Strategy
Star Wars: Knights of the Old Republic II - The Sith Lords,"June 8, 2022",76,6.4,General
Hob: The Definitive Edition,"April 3, 2019",76,7.4,Action
She Remembered Caterpillars,"March 28, 2019",76,7.1,Puzzle
Last Day of June,"March 16, 2018",76,7.6,Adventure
Doraemon: Story of Seasons - Friends of the Great Kingdom,"November 2, 2022",76,tbd,Simulation
Save me Mr Tako: Definitive Edition,"May 5, 2021",76,5.5,Action
Demon Turf,"November 4, 2021",76,6.9,Action
LEGO Builder's Journey,"June 22, 2021",76,7.6,Action
.hack//G.U. Last Recode,"March 10, 2022",76,7.1,Miscellaneous
Creature in the Well,"September 6, 2019",76,7.5,Action Adventure
Young Souls,"March 10, 2022",76,5.3,Action
Super Chariot,"May 10, 2018",76,7.7,Action
Gal Guardians: Demon Purge,"February 23, 2023",76,7.8,Action
Friday the 13th: Killer Puzzle,"October 25, 2018",76,7.5,Puzzle
Axiom Verge 2,"August 11, 2021",76,7.3,Action
TENS!,"November 5, 2020",76,tbd,Puzzle
Brigandine: The Legend of Runersia,"June 25, 2020",76,8.2,Role-Playing
Old School Musical,"September 13, 2018",76,7.6,Action
Masters of Anima,"April 10, 2018",76,6.8,Strategy
Syberia,"October 20, 2017",76,7.4,Adventure
Piczle Lines DX,"August 24, 2017",76,7.8,Puzzle
ACA NeoGeo: Metal Slug 3,"March 9, 2017",76,7.6,Action
Super Mario Party,"October 5, 2018",76,7.0,Miscellaneous
Sushi Striker: The Way of Sushido,"June 8, 2018",76,7.7,Puzzle
Fantasy Strike,"July 25, 2019",76,7.5,Action
SuperEpic: The Entertainment War,"December 12, 2019",76,7.7,Action
Sundered: Eldritch Edition,"December 21, 2018",76,7.5,Action
Final Fantasy IX,"February 13, 2019",76,7.6,Role-Playing
Bombslinger,"April 11, 2018",76,7.1,Puzzle
Mighty Gunvolt Burst,"June 15, 2017",76,7.7,Action
Fury Unleashed,"May 8, 2020",76,7.6,Action
Subnautica: Below Zero,"May 14, 2021",76,4.5,Action Adventure
Assault Suits Valken Declassified,"March 30, 2023",76,tbd,Action
Embers of Mirrim,"December 7, 2017",76,7.8,Action
Pikuniku,"January 24, 2019",76,7.6,Puzzle
The Caligula Effect 2,"October 19, 2021",76,6.4,Role-Playing
Wasteland 2: Director's Cut,"September 13, 2018",76,7.4,Role-Playing
One Piece: Pirate Warriors 3 - Deluxe Edition,"May 10, 2018",76,8.2,Action
WarioWare: Get It Together!,"September 10, 2021",76,7.6,Miscellaneous
Planet Alpha,"September 4, 2018",76,7.1,Action
Voice of Cards: The Beasts of Burden,"September 13, 2022",76,4.9,Strategy
Hero-U: Rogue to Redemption,"February 9, 2021",76,tbd,Role-Playing
Pode,"June 21, 2018",76,7.5,Adventure
Pac-Man 99,"April 7, 2021",76,7.7,Action
Necrobarista: Final Pour,"August 11, 2021",76,7.7,Action
The Swords of Ditto: Mormo's Curse,"May 2, 2019",76,7.1,Role-Playing
Digimon Story Cyber Sleuth: Complete Edition,"October 18, 2019",76,6.6,Miscellaneous
Wulverblade,"October 12, 2017",76,7.5,Action
Ys IX: Monstrum Nox,"July 6, 2021",76,8.0,Role-Playing
Darius Cozmic Collection: Arcade,"June 16, 2020",76,tbd,Miscellaneous
Langrisser I & II,"March 10, 2020",76,7.3,Strategy
The Jackbox Party Pack 7,"October 15, 2020",76,7.5,Miscellaneous
A Hat in Time,"October 18, 2019",76,8.1,Action
Amnesia Collection,"September 12, 2019",76,7.6,Miscellaneous
LEGO Marvel Super Heroes 2,"November 14, 2017",76,7.0,Action
Temtem,"September 6, 2022",76,6.6,Role-Playing
Floor Kids,"December 7, 2017",76,7.5,Action
Shin Megami Tensei III: Nocturne HD Remaster,"May 25, 2021",75,8.1,Role-Playing
Trigger Witch,"July 29, 2021",75,7.0,Action
Smelter,"April 22, 2021",75,6.8,Action
Superliminal,"July 7, 2020",75,9.6,Adventure
Unruly Heroes,"January 23, 2019",75,7.4,Action
Mary Skelter 2,"October 22, 2019",75,7.8,Role-Playing
Sam & Max Save the World Remastered,"December 2, 2020",75,4.9,Adventure
SteamWorld Dig: A Fistful of Dirt,"February 1, 2018",75,7.8,Action
SnowRunner,"May 18, 2021",75,6.1,Simulation
Silence,"April 10, 2019",75,7.1,Adventure
Dragon Ball: Xenoverse 2,"September 22, 2017",75,7.5,Action
Cursed to Golf,"August 18, 2022",75,7.3,Sports
Mario Kart Live: Home Circuit,"October 16, 2020",75,7.2,Racing
Pokemon Sword / Shield: The Crown Tundra,"October 22, 2020",75,7.1,Role-Playing
Sparklite,"November 14, 2019",75,7.7,Action Adventure
Mario Tennis Aces,"June 22, 2018",75,7.0,Sports
LEGO DC Super-Villains,"October 16, 2018",75,7.5,Action Adventure
Samurai Shodown,"February 25, 2020",75,7.6,Action
Rock of Ages 2: Bigger & Boulder,"May 14, 2019",75,8.0,Action
Observer,"February 7, 2019",75,7.2,Adventure
The Mummy Demastered,"October 24, 2017",75,7.2,Action
Trinity Trigger,"April 25, 2023",75,8.0,Role-Playing
Manifold Garden,"August 18, 2020",75,8.0,Action Adventure
Bomber Crew,"July 10, 2018",75,8.3,Simulation
Coromon,"July 21, 2022",75,7.8,Role-Playing
Cattails,"November 29, 2018",75,6.7,Role-Playing
Angry Video Game Nerd I & II Deluxe,"October 30, 2020",75,7.9,Miscellaneous
Labyrinth City: Pierre the Maze Detective,"July 15, 2021",75,tbd,Adventure
Figment,"June 28, 2018",75,7.5,Action
Blade Strangers,"August 28, 2018",75,7.9,Action
Yooka-Laylee,"December 14, 2017",75,7.2,Action
Cloud Gardens,"June 16, 2022",75,tbd,Puzzle
Crysis Remastered Trilogy,"October 15, 2021",75,7.6,Miscellaneous
Road 96,"August 16, 2021",75,7.8,Adventure
Blizzard Arcade Collection,"February 19, 2021",75,2.3,Miscellaneous
Shiren The Wanderer: The Tower of Fortune and the Dice of Fate,"December 2, 2020",75,8.1,Role-Playing
QV,"November 26, 2020",75,tbd,Action
Cake Bash,"November 19, 2020",75,tbd,Miscellaneous
Death Come True,"June 24, 2020",75,3.6,Adventure
Arcade Spirits,"May 1, 2020",75,tbd,Adventure
Candleman,"October 3, 2019",75,8.0,Action
Headliner: NoviNews,"September 5, 2019",75,7.6,Adventure
We. The Revolution,"June 25, 2019",75,6.7,Adventure
X-Morph: Defense,"February 21, 2019",75,8.5,Strategy
City of Brass,"February 8, 2019",75,6.6,Action Adventure
Labyrinth of Refrain: Coven of Dusk,"September 18, 2018",75,7.9,Role-Playing
Bulb Boy,"July 6, 2017",75,7.3,Adventure
Assassin's Creed: The Ezio Collection,"February 17, 2022",75,7.1,Miscellaneous
ToeJam & Earl: Back in the Groove!,"February 15, 2019",75,6.2,Action
Ayo the Clown,"July 28, 2021",75,6.4,Action
Very Very Valet,"May 25, 2021",75,7.5,Simulation
Willy Jetman: Astromonkey's Revenge,"January 31, 2020",75,7.5,Action Adventure
Fire Emblem: Three Houses - Side Story: Cindered Shadows,"February 13, 2020",75,8.2,Strategy
ISLANDERS: Console Edition,"August 11, 2021",75,6.8,Strategy
Jurassic World Evolution: Complete Edition,"November 3, 2020",75,7.7,Strategy
I Am Setsuna,"March 3, 2017",75,7.5,Role-Playing
Bloodroots,"February 28, 2020",75,7.1,Action
Ministry of Broadcast,"April 30, 2020",75,7.9,Action
Another World,"July 9, 2018",75,7.9,Action
Steel Assault,"September 28, 2021",75,7.4,Action
Ultra Kaiju Monster Rancher,"October 20, 2022",75,9.4,Role-Playing
Cannon Dancer Osman,"April 13, 2023",75,tbd,Action
Nidhogg 2,"November 22, 2018",75,8.0,Action
Shovel Knight Showdown,"December 10, 2019",75,7.3,Action
No More Heroes III,"August 27, 2021",75,8.2,Action Adventure
Shakedown Hawaii,"May 7, 2019",75,7.4,Action Adventure
Pocket Rumble,"July 5, 2018",75,7.5,Action
Doraemon: Story of Seasons,"October 11, 2019",75,7.6,Strategy
Black Future '88,"November 21, 2019",75,7.4,Action
Bleed,"December 14, 2017",75,7.4,Action
Pac-Man Museum+,"May 27, 2022",75,tbd,Miscellaneous
Disney Classic Games: Aladdin and the Lion King,"October 29, 2019",75,6.8,Miscellaneous
The Flame in the Flood,"October 12, 2017",75,7.4,Action Adventure
Super Mario Bros. 35,"October 1, 2020",75,7.6,Action
The Stretchers,"November 8, 2019",75,7.2,Action
Broken Sword 5 - The Serpent's Curse,"September 21, 2018",75,7.5,Adventure
Overland,"September 19, 2019",75,6.7,Strategy
Pato Box,"July 9, 2018",74,7.5,Sports
Zombie Rollerz: Pinball Heroes,"March 2, 2022",74,tbd,Action
Ghosts 'n Goblins Resurrection,"February 25, 2021",74,6.8,Action
Tricky Towers,"October 11, 2018",74,7.5,Puzzle
Aegis Defenders,"February 8, 2018",74,7.0,Role-Playing
Furi,"January 11, 2018",74,7.2,Action
Neo Cab,"October 3, 2019",74,6.8,Adventure
Sky Force Reloaded,"February 1, 2018",74,7.5,Action
Narita Boy,"March 30, 2021",74,7.2,Action Adventure
Lode Runner Legacy,"March 29, 2018",74,7.5,Puzzle
Portal Knights,"November 22, 2017",74,7.4,Action
ActRaiser Renaissance,"September 23, 2021",74,7.7,Action Adventure
Darksiders Genesis,"February 14, 2020",74,7.7,Role-Playing
The Raven Remastered,"January 22, 2019",74,6.8,Adventure
The Room,"October 18, 2018",74,8.0,Adventure
ICEY,"May 31, 2018",74,7.8,Action
Hotshot Racing,"September 10, 2020",74,6.7,Racing
Semblance,"July 24, 2018",74,7.2,Action
Starlink: Battle for Atlas,"October 16, 2018",74,7.8,Simulation
MindSeize,"September 29, 2020",74,8.0,Action
The Coma 2: Vicious Sisters,"June 19, 2020",74,6.8,Action Adventure
Immortal Redneck,"May 10, 2018",74,7.3,Action
Monster Sanctuary,"December 8, 2020",74,7.9,Action Adventure
Super Mutant Alien Assault,"July 12, 2019",74,tbd,Action
Devil May Cry,"June 24, 2019",74,7.8,Action Adventure
void tRrLM(); //Void Terrarium,"July 14, 2020",74,7.0,Role-Playing
Alder's Blood,"March 13, 2020",74,7.4,Strategy
Mighty Goose,"June 5, 2021",74,7.5,Action
Famicom Detective Club: The Girl Who Stands Behind,"May 14, 2021",74,7.1,Adventure
Tesla vs Lovecraft,"March 16, 2018",74,7.3,Action
Battle Brothers,"March 11, 2021",74,8.1,Strategy
Shadow Bug,"March 30, 2018",74,6.0,Action
One Line Coloring,"August 21, 2020",74,tbd,Miscellaneous
Resolutiion,"May 28, 2020",74,tbd,Action Adventure
Need for Speed: Hot Pursuit Remastered,"November 13, 2020",74,7.5,Racing
Disney TRON: Identity,"April 11, 2023",74,tbd,Adventure
Demon Slayer: Kimetsu no Yaiba - The Hinokami Chronicles,"June 10, 2022",74,6.7,Action
Jotun: Valhalla Edition,"April 27, 2018",74,6.4,Action
Trials of Mana,"April 24, 2020",74,7.8,Role-Playing
Centipede: Recharged,"September 29, 2021",74,tbd,Action
art of rally,"August 12, 2021",74,6.1,Racing
Bloodstained: Ritual of the Night,"June 25, 2019",74,5.6,Action
Aqua Kitty UDX,"February 15, 2018",74,8.0,Action
NBA 2K18,"September 15, 2017",74,4.3,Sports
Yonder: The Cloud Catcher Chronicles,"May 17, 2018",74,7.4,Action Adventure
Marble It Up!,"September 29, 2018",74,7.0,Action
Puyo Puyo Champions,"May 7, 2019",74,6.3,Puzzle
We Are OFK,"August 18, 2022",74,2.1,Adventure
Clustertruck,"March 15, 2018",74,6.2,Action
SUPERBEAT: XONiC,"November 21, 2017",74,7.5,Action
God Eater 3,"July 12, 2019",74,7.3,Role-Playing
Darkwood,"May 16, 2019",74,7.9,Action Adventure
Shantae,"April 22, 2021",74,7.6,Action
Giana Sisters: Twisted Dreams - Owltimate Edition,"September 25, 2018",74,7.6,Action
Ooblets,"September 1, 2022",74,6.7,Role-Playing
Prinny Presents NIS Classics Vol. 2,"May 10, 2022",74,tbd,Miscellaneous
Frogun,"August 2, 2022",74,tbd,Action
Dice Legacy,"September 9, 2021",74,tbd,Strategy
One Step From Eden,"March 26, 2020",74,7.2,Strategy
Coffee Talk,"January 29, 2020",74,7.7,Adventure
Vasara Collection,"August 15, 2019",74,7.5,Miscellaneous
Out There: Omega The Alliance,"April 9, 2019",74,tbd,Adventure
Turok,"March 18, 2019",74,7.9,Action
Implosion - Never Lose Hope,"July 6, 2017",74,7.9,Action
Plants vs. Zombies: Battle for Neighborville - Complete Edition,"March 19, 2021",74,7.6,Action
2064: Read Only Memories INTEGRAL,"July 26, 2018",74,6.5,Adventure
Fire Emblem Warriors,"October 20, 2017",74,7.7,Action
Kamiko,"April 27, 2017",74,7.5,Action Adventure
HYPERCHARGE: Unboxed,"January 31, 2020",74,8.2,Action
Cat Quest,"November 10, 2017",74,7.8,Role-Playing
The Alliance Alive HD Remastered,"October 8, 2019",74,7.0,Role-Playing
Afterparty,"March 6, 2020",74,6.6,Adventure
RPG Time: The Legend of Wright,"August 18, 2022",74,tbd,Role-Playing
"Yes, Your Grace","June 26, 2020",74,7.0,Strategy
Just Dance 2020,"November 5, 2019",74,6.3,Action
Sonic Origins,"June 23, 2022",74,6.5,Miscellaneous
Fate/Extella Link,"March 19, 2019",74,6.8,Action
Paladins: Champions of the Realm,"June 12, 2018",74,7.2,Action
Double Kick Heroes,"August 13, 2020",74,tbd,Shooter
Railway Empire: Switch Edition,"June 19, 2020",74,7.4,Strategy
Turnip Boy Commits Tax Evasion,"April 22, 2021",74,7.8,Action Adventure
Famicom Detective Club: The Missing Heir,"May 14, 2021",74,7.1,Adventure
Life is Strange 2,"February 2, 2023",74,1.3,Action Adventure
Let's Build a Zoo,"September 29, 2022",74,tbd,Strategy
Sega Ages: G-LOC Air Battle,"April 30, 2020",74,7.4,Simulation
Overwhelm,"April 4, 2019",74,5.8,Action Adventure
Harvestella,"November 4, 2022",73,4.0,Role-Playing
The Cruel King and the Great Hero,"March 15, 2022",73,7.5,Role-Playing
Disc Jam,"February 8, 2018",73,7.6,Sports
Aragami: Shadow Edition,"February 21, 2019",73,7.0,Action Adventure
A Normal Lost Phone,"March 1, 2018",73,7.0,Simulation
Hot Wheels Unleashed,"September 30, 2021",73,7.8,Racing
Ikenfell,"October 8, 2020",73,7.4,Role-Playing
Max: The Curse of Brotherhood,"December 21, 2017",73,7.1,Action Adventure
Sniper Elite III: Ultimate Edition,"October 1, 2019",73,6.5,Action
Death end re;Quest,"April 27, 2021",73,6.2,Role-Playing
KUNAI,"February 6, 2020",73,8.2,Action
Pang Adventures,"January 3, 2019",73,5.6,Action
Mom Hid My Game!,"December 21, 2017",73,7.1,Adventure
Dauntless,"December 10, 2019",73,4.9,Role-Playing
Black Bird,"October 18, 2018",73,8.0,Action
SD Gundam Battle Alliance,"August 25, 2022",73,6.3,Role-Playing
Resident Evil: Revelations 2,"November 28, 2017",73,8.1,Action Adventure
ATONE: Heart of the Elder Tree,"January 27, 2023",73,tbd,Action Adventure
Paradigm Paradox,"October 27, 2022",73,tbd,Adventure
Wildfire,"December 3, 2020",73,tbd,Action
Road Redemption,"November 6, 2018",73,5.6,Simulation
The Colonists,"May 4, 2021",73,tbd,Strategy
THOTH,"January 9, 2020",73,tbd,Action
Fatal Frame: Maiden of Black Water,"October 28, 2021",73,9.5,Action Adventure
Kirby Star Allies,"March 16, 2018",73,7.4,Action
Farming Simulator: Nintendo Switch Edition,"November 7, 2017",73,7.3,Simulation
The TakeOver,"June 4, 2020",73,7.7,Action
LEGO Harry Potter Collection,"October 30, 2018",73,7.3,Miscellaneous
The Escapists 2,"January 11, 2018",73,6.6,Action
Pokemon Brilliant Diamond,"November 19, 2021",73,5.3,Role-Playing
A Little To The Left,"November 9, 2022",73,6.0,Action
Dark Deity,"March 17, 2022",73,7.6,Role-Playing
John Wick Hex,"December 4, 2020",73,6.2,Strategy
Moero Crystal H,"September 17, 2020",73,6.8,Role-Playing
NBA 2K20,"September 6, 2019",73,1.8,Sports
Cinders,"February 14, 2019",73,7.2,Adventure
Runner3,"May 22, 2018",73,7.2,General
World to the West,"January 18, 2018",73,7.3,Action Adventure
"Bury me, my Love","January 10, 2019",73,4.9,Adventure
Disgaea 6: Defiance of Destiny,"June 29, 2021",73,5.5,Role-Playing
Late Shift,"April 26, 2018",73,6.5,Adventure
Storyteller,"March 23, 2023",73,5.6,Puzzle
AER: Memories of Old,"August 28, 2019",73,6.6,Action Adventure
Marvel Ultimate Alliance 3: The Black Order,"July 19, 2019",73,7.2,Role-Playing
Colors Live,"September 14, 2021",73,tbd,Miscellaneous
The Almost Gone,"June 25, 2020",73,5.6,Adventure
Layton's Mystery Journey: Katrielle and The Millionaires' Conspiracy - Deluxe Edition,"November 8, 2019",73,6.8,Puzzle
Overwatch,"October 15, 2019",73,5.9,Action
Old Man's Journey,"February 20, 2018",73,6.4,Adventure
Sherlock Holmes: Crimes & Punishments,"February 3, 2022",73,tbd,Adventure
Monster Prom: XXL,"May 21, 2020",73,5.7,Adventure
SNK Gals' Fighters,"April 29, 2020",73,7.1,Action
Chocobo's Mystery Dungeon: Every Buddy!,"March 20, 2019",73,7.6,General
Earthlock,"March 8, 2018",73,6.6,Role-Playing
Mario Kart 8 Deluxe: Booster Course Pass - Wave 1,"March 18, 2022",73,6.8,Racing
The Eternal Castle Remastered,"May 15, 2020",73,8.0,Adventure
Romancing SaGa 3,"November 11, 2019",73,7.6,Role-Playing
Mulaka,"March 1, 2018",73,7.2,Action Adventure
Werewolf: The Apocalypse - Heart of the Forest,"January 7, 2021",73,7.4,Role-Playing
Pokemon Shining Pearl,"November 19, 2021",73,5.5,Role-Playing
Fatal Frame: Mask of the Lunar Eclipse,"March 9, 2023",73,9.0,Action Adventure
Muse Dash,"June 20, 2019",73,7.3,Action
Pumpkin Jack,"October 23, 2020",73,8.1,Action
SpongeBob SquarePants: The Cosmic Shake,"January 31, 2023",73,7.6,Action
Yono and the Celestial Elephants,"October 12, 2017",73,7.1,Action Adventure
Garden Story,"August 11, 2021",73,7.7,Role-Playing
Mario Strikers: Battle League,"June 10, 2022",73,4.4,Sports
Sludge Life,"June 2, 2021",73,7.2,Adventure
Big Brain Academy: Brain vs. Brain,"December 3, 2021",73,7.8,Miscellaneous
Dandara,"February 6, 2018",73,7.4,Action
Headland,"January 13, 2022",73,tbd,Action Adventure
Habroxia 2,"February 3, 2021",73,tbd,Action
Ghostrunner,"November 10, 2020",73,6.6,Action
Worm Jazz,"September 21, 2020",73,tbd,Puzzle
Jay and Silent Bob: Mall Brawl,"May 7, 2020",73,7.4,Action
Planescape: Torment: Enhanced Edition / Icewind Dale: Enhanced Edition,"October 15, 2019",73,6.9,Miscellaneous
Ghostbusters: The Video Game Remastered,"October 4, 2019",73,6.8,Action
Hue,"June 6, 2019",73,6.4,Puzzle
Yomawari: The Long Night Collection,"October 30, 2018",73,7.2,Miscellaneous
Dragon Quest Treasures,"December 9, 2022",72,6.1,Role-Playing
Mushroom Wars 2,"July 5, 2018",72,7.4,Strategy
Control: Ultimate Edition - Cloud Version,"October 28, 2020",72,5.7,Action Adventure
Souldiers,"June 2, 2022",72,4.6,Action
The Wonderful 101: Remastered,"May 19, 2020",72,7.5,Action
Just Dance 2022,"November 4, 2021",72,5.3,Action
"Warhammer 40,000: Mechanicus","July 17, 2020",72,6.7,Action
Regalia: Of Men and Monarchs - Royal Edition,"April 12, 2018",72,6.0,Strategy
Baldur's Gate and Baldur's Gate II: Enhanced Editions,"October 15, 2019",72,6.1,Miscellaneous
NAIRI: Tower of Shirin,"November 28, 2018",72,7.3,Puzzle
Wonder Boy Anniversary Collection,"January 26, 2023",72,tbd,Miscellaneous
Zarvot,"October 18, 2018",72,7.0,Action
Layers of Fear 2,"May 20, 2021",72,6.4,Action Adventure
The Silver Case 2425,"July 6, 2021",72,6.9,Miscellaneous
Red Faction: Guerrilla Re-Mars-tered,"July 2, 2019",72,6.5,Action
Boyfriend Dungeon,"August 11, 2021",72,6.7,Role-Playing
Onion Assault,"January 26, 2023",72,tbd,Action
Kingdoms of Amalur: Re-Reckoning,"March 16, 2021",72,8.0,Role-Playing
Burly Men At Sea,"April 12, 2018",72,5.2,Adventure
Semispheres,"September 14, 2017",72,7.0,Puzzle
Namco Museum,"July 28, 2017",72,7.4,Miscellaneous
Pokemon Scarlet,"November 18, 2022",72,3.3,Role-Playing
Akka Arrh,"February 21, 2023",72,tbd,Action
DNF Duel: Who's Next,"April 20, 2023",72,tbd,Action
Ground Divers!,"June 30, 2022",72,tbd,Puzzle
Nintendo Switch Sports,"April 29, 2022",72,5.9,Sports
Snake Pass,"March 28, 2017",72,7.4,Action Adventure
Grandia HD Collection,"August 16, 2019",72,7.3,Role-Playing
Skylanders Imaginators,"March 3, 2017",72,5.4,Action
Attack on Titan 2,"March 20, 2018",72,8.2,Action
Gato Roboto,"May 30, 2019",72,7.4,Action
The Battle of Polytopia,"October 12, 2022",72,tbd,Strategy
Prinny Presents NIS Classics Volume 1,"August 31, 2021",72,6.4,Miscellaneous
Rhythm Fighter,"January 14, 2021",72,tbd,Action
Nickelodeon Kart Racers 2: Grand Prix,"October 6, 2020",72,7.2,Racing
PGA Tour 2K21,"August 21, 2020",72,4.4,Sports
When Ski Lifts Go Wrong,"January 23, 2019",72,1.7,Sports
Super Daryl Deluxe,"April 10, 2018",72,7.3,Role-Playing
Yurukill: The Calumniation Games,"July 5, 2022",72,7.6,Action
Mail Mole,"March 4, 2021",72,6.6,Action
SILT,"June 1, 2022",72,6.0,Action Adventure
Flood of Light,"August 23, 2018",72,6.8,Adventure
Sky Racket,"March 17, 2020",72,7.0,Action
Shiftlings: Enhanced Edition,"February 1, 2018",72,tbd,Action
Batman: The Telltale Series,"November 14, 2017",72,7.8,Adventure
Oddworld: Stranger's Wrath HD,"January 23, 2020",72,7.7,Action Adventure
Candle: The Power of the Flame,"July 26, 2018",72,7.6,Action
The Count Lucanor,"October 19, 2017",72,7.5,Action Adventure
Smoke and Sacrifice,"May 31, 2018",72,6.7,Action Adventure
Pokemon Violet,"November 18, 2022",72,4.0,Role-Playing
Just Dance 2019,"October 23, 2018",72,6.0,Action
Call of Juarez: Gunslinger,"December 10, 2019",72,8.1,Action
The Liar Princess and the Blind Prince,"February 12, 2019",72,7.2,Action
Cris Tales,"July 20, 2021",72,7.3,Role-Playing
Just Dance 2017,"March 3, 2017",72,5.3,Action
Dex,"July 24, 2020",72,7.0,Role-Playing
Tanuki Justice,"December 10, 2020",72,tbd,Action
Shu,"January 23, 2018",72,6.7,Action
LOUD,"July 15, 2022",72,tbd,Action
Cotton 100%,"October 29, 2021",72,tbd,Action
Rise: Race The Future,"July 22, 2019",72,6.4,Racing
Bad North,"August 20, 2018",72,7.1,Action
Ninja Gaiden: Master Collection,"June 10, 2021",72,7.3,Miscellaneous
Light Fall,"April 26, 2018",72,7.3,Action
Resident Evil 5,"October 29, 2019",72,6.4,Action Adventure
El Hijo: A Wild West Tale,"March 25, 2021",72,tbd,Action Adventure
Phoenotopia: Awakening,"August 20, 2020",72,8.3,Action Adventure
Potion Permit,"September 22, 2022",72,tbd,Role-Playing
Fe,"February 16, 2018",72,6.7,Action
Bear and Breakfast,"September 15, 2022",72,4.7,Strategy
RollerCoaster Tycoon 3: Complete Edition,"September 24, 2020",72,7.6,Strategy
Minecraft Dungeons,"May 26, 2020",72,6.9,Action Adventure
de Blob,"June 26, 2018",72,7.3,Action
Dimension Drive,"December 7, 2017",72,7.4,Action
Just Dance 2018,"October 24, 2017",71,5.8,Action
OddBallers,"January 26, 2023",71,tbd,Miscellaneous
Oceanhorn 2: Knights of the Lost Realm,"October 28, 2020",71,8.1,Action Adventure
Amnesia: Memories,"September 20, 2022",71,tbd,Adventure
Saints Row IV: Re-Elected,"March 27, 2020",71,7.2,Action Adventure
Clea 2,"March 25, 2021",71,tbd,Action Adventure
Team Sonic Racing,"May 21, 2019",71,7.2,Racing
Spidersaurs,"July 14, 2022",71,tbd,Action
SaGa Frontier Remastered,"April 15, 2021",71,7.2,Role-Playing
Pool Panic,"July 19, 2018",71,7.0,Action Adventure
Collection of SaGa: Final Fantasy Legend,"December 15, 2020",71,6.9,Miscellaneous
Out of Line,"August 18, 2021",71,7.0,Action Adventure
Cathedral,"February 18, 2021",71,6.5,Action
HyperParasite,"April 3, 2020",71,8.0,Action
StarBlox Inc.,"October 18, 2019",71,6.8,Puzzle
One Night Stand,"October 4, 2019",71,tbd,Adventure
Xeodrifter,"February 15, 2018",71,6.2,Action
Aces of the Luftwaffe: Squadron,"November 17, 2017",71,6.6,Action
Story of Seasons: Pioneers of Olive Town,"March 23, 2021",71,7.1,Strategy
No Straight Roads,"August 25, 2020",71,5.4,Action
My Time At Portia,"April 16, 2019",71,5.3,Simulation
Earth Atlantis,"October 5, 2017",71,7.0,Action
Legend of Mana Remastered,"June 24, 2021",71,7.5,Role-Playing
Cozy Grove,"April 8, 2021",71,7.3,Simulation
Button City,"August 10, 2021",71,tbd,Adventure
Ultra Age,"September 9, 2021",71,7.7,Action
Project Warlock,"June 11, 2020",71,7.7,Action
Exception,"August 13, 2019",71,tbd,Action
Thea: The Awakening,"February 1, 2019",71,7.1,Strategy
Happy Birthdays,"June 5, 2018",71,7.4,Action Adventure
Swim Out,"March 20, 2018",71,tbd,Strategy
Bridge Constructor Portal,"February 28, 2018",71,6.7,Simulation
Never Stop Sneakin',"December 14, 2017",71,6.8,Action Adventure
The Sexy Brutale,"December 7, 2017",71,4.9,Adventure
Little Inferno,"March 16, 2017",71,7.0,Puzzle
LEGO Jurassic World,"September 17, 2019",71,7.7,Action Adventure
Hexologic,"June 11, 2018",71,6.9,Puzzle
Nexomon: Extinction,"August 28, 2020",71,8.2,Role-Playing
King of Fighters R-2,"August 7, 2020",71,tbd,Action
Blue Fire,"February 4, 2021",71,7.5,Action
Lichtspeer: Double Speer Edition,"September 7, 2017",71,7.1,Action Adventure
Conga Master Party!,"September 28, 2017",71,6.4,Miscellaneous
Knockout Home Fitness,"September 28, 2021",71,tbd,Miscellaneous
Spellbreak,"September 3, 2020",71,8.0,Action
Onimusha: Warlords,"January 15, 2019",71,7.2,Action Adventure
Nintendo Labo: Toycon 04 VR Kit,"May 12, 2019",71,6.6,Action
Captain Tsubasa: Rise of New Champions,"August 28, 2020",71,7.3,Sports
Mutant Year Zero: Road to Eden - Deluxe Edition,"July 30, 2019",71,4.4,Strategy
Run the Fan,"July 23, 2019",71,tbd,Puzzle
Prinny Presents NIS Classics Volume 3 La Pucelle: Ragnarok / Rhapsody: A Musical Adventure,"August 30, 2022",71,7.6,Miscellaneous
Metal Max Xeno Reborn,"June 10, 2022",71,tbd,Role-Playing
Membrane,"February 22, 2018",71,7.5,Puzzle
A Robot Named Fight!,"April 26, 2018",71,7.6,Action
Pronty: Fishy Adventure,"March 7, 2023",71,tbd,Action
Golf With Your Friends,"May 19, 2020",71,3.2,Sports
3000th Duel,"February 19, 2020",71,8.4,Action
Everything,"January 10, 2019",71,tbd,Adventure
Miitopia,"May 21, 2021",71,8.0,Action
Dragon Quest III: The Seeds of Salvation,"September 27, 2019",71,7.1,Role-Playing
FIFA 19,"September 25, 2018",71,3.2,Sports
Robonauts,"September 15, 2017",71,6.5,Action
BUTCHER,"September 28, 2017",70,7.7,Action
Aspire: Ina's Tale,"December 17, 2021",70,6.9,Action
Clockwork Aquario,"December 14, 2021",70,6.2,Action
Resident Evil 0,"May 21, 2019",70,8.5,Action Adventure
Slipstream,"April 7, 2022",70,7.5,Racing
ACA NeoGeo: Shock Troopers,"March 9, 2017",70,7.0,Action
BurgerTime Party!,"October 8, 2019",70,6.0,Action
Fight Crab,"September 15, 2020",70,6.8,Action
Cruis'n Blast,"September 14, 2021",70,8.1,Racing
Deadly Premonition Origins,"September 4, 2019",70,7.8,Action Adventure
Time Recoil,"October 26, 2017",70,7.8,Action
EarthNight,"December 3, 2019",70,7.2,Action
Just Dance 2021,"November 12, 2020",70,5.7,Action
Redout,"May 14, 2019",70,7.2,Racing
Monster Rancher 1 & 2 DX,"December 9, 2021",70,9.1,Miscellaneous
Absolute Drift,"December 3, 2020",70,tbd,Racing
Nelke & the Legendary Alchemists: Ateliers of the New World,"March 26, 2019",70,7.1,Role-Playing
Zombie Army Trilogy,"March 31, 2020",70,7.3,Action
Gravitar: Recharged,"June 2, 2022",70,tbd,Action
Process of Elimination,"April 11, 2023",70,8.5,Adventure
Circus Electrique,"September 6, 2022",70,tbd,Strategy
Risk System,"July 15, 2021",70,tbd,Action
Skate City,"May 6, 2021",70,tbd,Sports
Minoria,"September 10, 2020",70,5.8,Action Adventure
Namco Museum Archives Vol. 1,"June 18, 2020",70,tbd,Miscellaneous
Sega Ages: Ichidant-R,"October 17, 2019",70,tbd,Miscellaneous
Rival Megagun,"December 6, 2018",70,tbd,Action
My Hero One's Justice,"October 26, 2018",70,7.3,Action
Joggernauts,"October 11, 2018",70,tbd,Action
God Wars The Complete Legend,"September 4, 2018",70,6.9,Miscellaneous
The Mooseman,"July 18, 2018",70,tbd,Adventure
Hyper Sentinel,"May 11, 2018",70,6.4,Action
The Fall,"May 10, 2018",70,7.9,Action Adventure
Naruto Shippuden: Ultimate Ninja Storm Trilogy,"April 26, 2018",70,7.8,Miscellaneous
Stikbold! Dodgeball Adventure! Deluxe,"January 4, 2018",70,7.4,Action
Saints Row: The Third - The Full Package,"May 10, 2019",70,5.9,Action Adventure
Pokemon UNITE,"July 21, 2021",70,3.8,Role-Playing
Beat Cop,"March 5, 2019",70,6.0,Simulation
Darkestville Castle,"August 13, 2020",70,tbd,Adventure
Banner of the Maid,"August 12, 2020",70,8.2,Strategy
No Place for Bravery,"September 22, 2022",70,tbd,Action Adventure
Greak: Memories of Azur,"August 17, 2021",70,7.7,Action
LEGO Bricktales,"October 12, 2022",70,tbd,Action Adventure
Sine Mora EX,"August 8, 2017",70,7.2,Action
Glyph,"February 1, 2021",70,7.4,Action
Turrican Flashback,"January 19, 2021",70,7.5,Miscellaneous
Mario Golf: Super Rush,"June 25, 2021",70,5.6,Sports
Taiko no Tatsujin: Rhythmic Adventure Pack,"December 3, 2020",70,6.2,Action
Outbuddies DX,"June 5, 2020",70,7.5,Action
140,"January 9, 2020",70,tbd,Action
Star Wars Episode I: Racer,"June 23, 2020",70,7.6,Racing
Tropico 6 - Nintendo Switch Edition,"November 6, 2020",70,3.5,Strategy
Romancing SaGa 2,"December 15, 2017",70,8.1,Role-Playing
Shining Resonance Refrain,"July 10, 2018",70,7.9,Role-Playing
Front Mission 1st Remake,"November 30, 2022",70,4.9,Strategy
RICO,"March 12, 2019",70,6.3,Action
Samurai Jack: Battle Through Time,"August 21, 2020",70,8.2,Action Adventure
Evergate,"August 18, 2020",70,7.5,Action
Root Film,"March 19, 2021",70,8.0,Adventure
Witcheye,"August 27, 2020",70,tbd,Action
The Fall Part 2: Unbound,"February 13, 2018",70,7.9,Action Adventure
Little Dragons Cafe,"August 24, 2018",70,6.9,Strategy
Remnant: From the Ashes,"March 21, 2023",70,tbd,Action
The Survivalists,"October 9, 2020",70,7.8,Action Adventure
Foregone,"October 13, 2020",70,7.8,Action
Star Wars: Republic Commando,"April 6, 2021",70,6.3,Action
Fire Tonight,"August 12, 2021",70,tbd,Adventure
Evan's Remains,"June 11, 2020",69,7.8,Action
Half Past Fate,"March 12, 2020",69,tbd,Adventure
Mages of Mystralia,"January 29, 2019",69,5.7,Action Adventure
Warsaw,"October 1, 2020",69,tbd,Role-Playing
One Piece: Pirate Warriors 4,"March 27, 2020",69,8.2,Action
Imp of the Sun,"March 24, 2022",69,tbd,Action
Mercenary Kings: Reloaded Edition,"February 6, 2018",69,6.1,Action
R-Type Final 2,"April 30, 2021",69,4.5,Action
Vampyr,"October 29, 2019",69,7.5,Role-Playing
Pokemon Sword / Shield: The Isle of Armor,"June 17, 2020",69,5.2,Role-Playing
Super Dragon Ball Heroes: World Mission,"April 5, 2019",69,7.5,Strategy
South of the Circle,"August 3, 2022",69,tbd,Adventure
Where the Water Tastes Like Wine,"November 29, 2019",69,4.2,Miscellaneous
Sonic Frontiers,"November 8, 2022",69,8.3,Action Adventure
Cycle 28,"August 2, 2018",69,tbd,Action
Gamedec,"July 1, 2022",69,5.5,Role-Playing
Pathway,"May 27, 2021",69,7.2,Strategy
Fate/Extella: The Umbral Star,"July 25, 2017",69,7.0,Action
Nintendo Labo: Toycon 03 Vehicle Kit,"September 14, 2018",69,7.2,Miscellaneous
Prinny 1-2: Exploded and Reloaded,"October 13, 2020",69,tbd,Miscellaneous
Lone Ruin,"January 12, 2023",69,4.5,Action
Disney Magical World 2: Enchanted Edition,"December 3, 2021",69,6.0,Simulation
Uno,"November 7, 2017",69,5.9,Miscellaneous
De Mambo,"July 13, 2017",69,6.7,Action
Lost Sphear,"January 23, 2018",69,7.2,Role-Playing
Sea of Solitude: The Director's Cut,"March 4, 2021",69,7.9,Action Adventure
World War Z,"November 2, 2021",69,8.0,Action
Raji: An Ancient Epic,"August 18, 2020",69,7.6,Action Adventure
9 Monkeys of Shaolin,"October 16, 2020",69,7.8,Action
Spinch,"September 3, 2020",69,7.9,Action
Psikyo Shooting Stars Alpha,"January 21, 2020",69,6.4,Miscellaneous
Irony Curtain: From Matryoshka with Love,"June 27, 2019",69,6.3,Adventure
Disco Dodgeball Remix,"May 22, 2018",69,7.5,Sports
Q.U.B.E. 2,"February 21, 2019",69,6.8,Action
Cat Cafe Manager,"April 14, 2022",69,tbd,Strategy
Earth Defense Force: World Brothers,"May 27, 2021",69,6.6,Action
ChromaGun,"January 22, 2018",69,7.0,Puzzle
Mario & Sonic at the Olympic Games Tokyo 2020,"November 5, 2019",69,6.9,Sports
Curious Expedition 2,"August 11, 2021",69,tbd,Strategy
Bladed Fury,"March 25, 2021",69,tbd,Action
Football Manager 2019 Touch,"December 6, 2018",69,7.2,Sports
Dragon Marked For Death,"January 29, 2019",69,7.0,Role-Playing
Akane,"May 17, 2019",69,7.0,Action
Oddworld: Soulstorm - Oddtimized Edition,"November 18, 2022",69,7.4,Action Adventure
#DRIVE,"February 16, 2021",69,7.0,Racing
Final Fantasy XV Pocket Edition HD,"September 13, 2018",69,7.4,Role-Playing
Friday The 13th: The Game - Ultimate Slasher Switch Edition,"August 13, 2019",69,7.8,Action Adventure
Kitaria Fables,"September 2, 2021",69,6.9,Role-Playing
Fairy Tail,"July 31, 2020",69,7.1,Role-Playing
Pokemon Mystery Dungeon: Rescue Team DX,"March 6, 2020",69,8.1,Role-Playing
Manticore: Galaxy on Fire,"April 19, 2018",69,6.5,Simulation
Big Bang Pro Wrestling,"March 30, 2022",69,tbd,Sports
Daemon X Machina,"September 13, 2019",69,7.6,Simulation
Automachef,"July 23, 2019",68,6.8,Strategy
Red Wings: Aces of the Sky,"May 21, 2020",68,6.8,Simulation
Ninjala,"June 24, 2020",68,6.4,Action
CHAOS;HEAD NOAH,"October 7, 2022",68,tbd,Adventure
Mercenaries Saga Chronicles,"February 8, 2018",68,7.8,Strategy
Rune Factory 5,"March 22, 2022",68,6.1,General
RPGolf Legends,"January 20, 2022",68,tbd,Role-Playing
Wallachia: Reign of Dracula,"October 29, 2020",68,7.8,Action
Call of Cthulhu: The Official Video Game,"October 8, 2019",68,7.3,Role-Playing
Bubble Bobble 4 Friends,"November 19, 2019",68,6.6,Puzzle
Kukoos - Lost Pets,"December 6, 2022",68,tbd,Action
Arietta of Spirits,"August 20, 2021",68,6.5,Action Adventure
Heroki,"July 20, 2018",68,7.1,Action
Project Nimbus: Complete Edition,"May 16, 2019",68,tbd,Action
Exit the Gungeon,"March 17, 2020",68,7.3,Action
Touken Ranbu Warriors,"May 24, 2022",68,9.2,Role-Playing
Mini Motor Racing X,"September 17, 2020",68,tbd,Racing
Curious Expedition,"April 2, 2020",68,7.2,Adventure
Resident Evil 6,"October 29, 2019",68,7.6,Action Adventure
Hoa,"August 24, 2021",68,7.6,Action
Typoman: Revised,"February 22, 2018",68,6.6,Action
FIFA 18,"September 29, 2017",68,5.8,Sports
Romancing SaGa: Minstrel Song Remastered,"December 1, 2022",68,5.2,Role-Playing
River City Girls Zero,"February 14, 2022",68,6.2,Action
Gang Beasts,"October 12, 2021",68,tbd,Miscellaneous
Doomsday Vault,"August 5, 2021",68,tbd,Adventure
Edna & Harvey: The Breakout - 10th Anniversary Edition,"June 17, 2020",68,tbd,Adventure
Star Wars Jedi Knight: Jedi Academy,"March 26, 2020",68,5.8,Action
One Piece: Unlimited World Red - Deluxe Edition,"September 29, 2017",68,6.9,Action
Lydia,"January 17, 2020",68,6.5,Adventure
Snack World: The Dungeon Crawl Gold,"February 14, 2020",68,7.4,Role-Playing
Crash Drive 3,"July 8, 2021",68,7.0,Racing
Nintendo Labo: Toycon 02 Robot Kit,"April 20, 2018",68,6.5,Miscellaneous
Citizens Unite!: Earth x Space,"January 28, 2021",68,tbd,Miscellaneous
The Company Man,"January 21, 2022",68,tbd,Action
Beyond Blue,"November 11, 2021",68,tbd,Adventure
Saturday Morning RPG,"April 26, 2018",68,6.5,Role-Playing
Gal*Gun Returns,"February 12, 2021",68,tbd,Action
The Last Blade: Beyond the Destiny,"October 28, 2020",68,tbd,Action
Oninaki,"August 22, 2019",68,7.1,Role-Playing
Super Beat Sports,"November 2, 2017",68,7.1,Action
Rad,"August 20, 2019",68,6.6,Adventure
Fledgling Heroes,"May 7, 2020",68,tbd,Action
Lapis x Labyrinth,"May 28, 2019",68,6.2,Role-Playing
TERROR SQUID,"October 15, 2020",68,tbd,Action
Azkend 2: The World Beneath,"January 12, 2018",68,tbd,Puzzle
Haven Park,"August 5, 2021",68,7.7,Adventure
Ageless,"July 28, 2020",68,tbd,Action
Speaking Simulator,"January 30, 2020",68,tbd,Simulation
Manual Samuel,"August 16, 2018",68,6.8,Role-Playing
Sparkle Unleashed,"December 25, 2017",68,5.4,Puzzle
SYNTHETIK: Ultimate,"December 16, 2020",67,2.5,Action
"Warhammer 40,000: Shootas, Blood & Teef","October 20, 2022",67,tbd,Action
JYDGE,"October 19, 2017",67,7.4,Action
The Escapists: Complete Edition,"September 25, 2018",67,6.2,Action
Namco Museum Archives Vol. 2,"June 18, 2020",67,tbd,Miscellaneous
Golazo!,"September 12, 2019",67,5.1,Sports
Atari Flashback Classics,"December 13, 2018",67,tbd,Miscellaneous
Neon Chrome,"October 12, 2017",67,7.3,Action
The King's Bird,"February 12, 2019",67,4.3,Action
Sonic Colors: Ultimate,"September 7, 2021",67,5.3,Action
Hextech Mayhem: A League of Legends Story,"November 16, 2021",67,7.9,Action
Destropolis,"November 27, 2020",67,tbd,Action
The DioField Chronicle,"September 22, 2022",67,4.7,Turn-Based
Baldur's Gate: Dark Alliance II,"July 20, 2022",67,tbd,Role-Playing
Cities: Skylines - Nintendo Switch Edition,"September 13, 2018",67,7.1,Strategy
Aeterna Noctis,"November 4, 2022",67,5.6,Action
Life is Strange: Arcadia Bay Collection,"September 27, 2022",67,4.8,Miscellaneous
The Longest Five Minutes,"February 13, 2018",67,6.3,Role-Playing
Nickelodeon All-Star Brawl,"October 5, 2021",67,6.3,Action
Sky Force Anniversary,"November 8, 2018",67,7.5,Action
Urban Trial Playground,"April 5, 2018",67,6.3,Sports
Say No! More,"April 9, 2021",67,7.3,Adventure
Hotel Sowls,"July 30, 2020",67,tbd,Adventure
Dokapon Kingdom: Connect,"May 9, 2023",67,4.3,Role-Playing
Travis Strikes Again: No More Heroes,"January 18, 2019",67,7.8,Action
Double Cross,"January 10, 2019",67,6.5,Action
Elli,"January 10, 2019",67,6.1,Action
Picross S,"September 28, 2017",67,7.4,Puzzle
Felix the Reaper,"October 17, 2019",67,6.4,Adventure
Infernium,"April 5, 2018",67,6.8,Action Adventure
Psikyo Shooting Stars Bravo,"February 18, 2020",67,tbd,Miscellaneous
Wonder Boy Collection,"June 3, 2022",67,tbd,Miscellaneous
Last Stop,"July 22, 2021",67,6.3,Adventure
A-Train: All Aboard! Tourism,"March 12, 2021",67,tbd,Simulation
LEGRAND LEGACY: Tale of the Fatebounds,"January 24, 2019",67,6.1,Role-Playing
Shape of the World,"June 6, 2018",67,7.4,Action Adventure
Death end re;Quest 2,"February 8, 2022",67,tbd,Role-Playing
Giga Wrecker Alt.,"April 12, 2019",67,4.3,Action
Maglam Lord,"February 4, 2022",67,tbd,Role-Playing
Olympic Games Tokyo 2020: The Official Video Game,"June 22, 2021",67,6.3,Sports
Crossing Souls,"July 26, 2018",67,6.4,Action Adventure
Fitness Boxing 2: Rhythm & Exercise,"December 4, 2020",66,5.7,Miscellaneous
Save me Mr Tako: Tasukete Tako-San,"October 30, 2018",66,6.8,Action
Potata: Fairy Flower,"June 6, 2020",66,7.6,Action
Windscape,"March 27, 2019",66,3.8,Action Adventure
EQQO,"February 7, 2020",66,5.6,General
Kirby's Dream Buffet,"August 17, 2022",66,7.3,Miscellaneous
Nine Parchments,"December 5, 2017",66,7.0,Role-Playing
Stonefly,"June 1, 2021",66,7.5,Action Adventure
Oceanhorn: Monster of Uncharted Seas,"June 22, 2017",66,7.8,Action Adventure
SpongeBob SquarePants: Battle for Bikini Bottom - Rehydrated,"June 23, 2020",66,8.3,Action
Fitness Boxing,"January 4, 2019",66,6.5,Miscellaneous
River City Saga: Three Kingdoms,"July 21, 2022",66,tbd,Action
Roguebook,"April 21, 2022",66,5.9,Strategy
Destroy All Humans!,"June 29, 2021",66,7.6,Action Adventure
Peaky Blinders: Mastermind,"August 20, 2020",66,tbd,Adventure
Crysis Remastered,"July 23, 2020",66,8.3,Action
Toki,"December 4, 2018",66,6.6,Action
Atari Mania,"October 13, 2022",66,tbd,Miscellaneous
Darius Cozmic Collection: Console,"June 16, 2020",66,tbd,Miscellaneous
Golem Gates,"May 31, 2019",66,7.7,Role-Playing
DC Super Hero Girls: Teen Power,"June 4, 2021",66,6.7,Action Adventure
Ultra Street Fighter II: The Final Challengers,"May 26, 2017",66,6.7,Action
Super Meat Boy Forever,"December 23, 2020",66,5.2,Action
Crystar,"March 29, 2022",66,7.8,Role-Playing
Night Call,"June 24, 2020",66,tbd,Adventure
Infinite Minigolf,"August 3, 2017",66,6.1,Sports
Gal*Gun: Double Peace,"March 17, 2022",66,6.0,Action
Beautiful Desolation,"May 28, 2021",66,5.3,Adventure
Fallen Legion: Rise to Glory,"May 29, 2018",66,6.5,Role-Playing
Fairy Fencer F: Advent Dark Force,"January 17, 2019",66,6.4,Role-Playing
Mutant Football League: Dynasty Edition,"October 30, 2018",66,7.1,Sports
Code of Princess EX,"July 31, 2018",66,7.2,Role-Playing
The Stillness of the Wind,"February 7, 2019",66,tbd,Adventure
Tiny Metal,"December 21, 2017",66,5.7,Strategy
Wonder Boy: Asha in Monster World,"May 28, 2021",66,6.7,Action
The Smurfs: Mission Vileaf,"November 16, 2021",66,7.2,Action
Mr. Shifty,"April 13, 2017",66,6.9,Action
The Outer Worlds,"June 5, 2020",66,5.9,Role-Playing
This is the Police,"October 24, 2017",66,7.5,Simulation
Wolfenstein: Youngblood,"July 26, 2019",66,3.6,Action
Smurfs Kart,"November 15, 2022",66,tbd,Racing
Warborn,"June 12, 2020",66,tbd,Strategy
FOX n FORESTS,"May 17, 2018",66,7.2,Action
Nights of Azure 2: Bride of the New Moon,"October 24, 2017",66,7.1,Role-Playing
Galaxy Champions TV,"October 3, 2019",65,4.8,Action
Kirby Fighters 2,"September 23, 2020",65,7.9,Action
Heroland,"December 3, 2019",65,tbd,Role-Playing
Pac-Man World: Re-PAC,"August 26, 2022",65,7.4,Action
Star Wars: The Force Unleashed,"April 20, 2022",65,7.4,Action Adventure
Aerial_Knight's Never Yield,"May 19, 2021",65,tbd,Action
GetsuFumaDen: Undying Moon,"February 9, 2022",65,6.1,Action
LEGO The Incredibles,"June 15, 2018",65,7.3,Action Adventure
The Red Lantern,"October 22, 2020",65,4.4,Action Adventure
88 Heroes: 98 Heroes Edition,"October 10, 2017",65,6.4,Action
Super Blood Hockey,"April 26, 2019",65,5.1,Sports
BioMotor Unitron,"May 26, 2022",65,tbd,Role-Playing
Vostok Inc.,"December 7, 2017",65,7.1,Action
Space Invaders Forever,"December 11, 2020",65,tbd,Action
TOHU,"January 28, 2021",65,tbd,Adventure
Kao the Kangaroo,"May 27, 2022",65,7.3,Action
Ace Angler: Fishing Spirits,"October 28, 2022",65,tbd,Sports
Little Orpheus,"September 13, 2022",65,tbd,Action
Within the Blade,"July 16, 2021",65,tbd,Action
Cyanide & Happiness - Freakpocalypse,"March 11, 2021",65,tbd,Action Adventure
Golden Force,"January 28, 2021",65,tbd,Action
HyperBrawl Tournament,"October 20, 2020",65,tbd,Miscellaneous
Ultracore,"June 23, 2020",65,tbd,Action
My Hero One's Justice 2,"March 13, 2020",65,6.3,Action
SELF,"January 16, 2020",65,tbd,Adventure
Graveyard Keeper,"June 27, 2019",65,5.7,Simulation
The VideoKid,"August 30, 2018",65,5.8,Action
Spelunker Party!,"October 19, 2017",65,6.8,Action
Jet Kave Adventure,"September 17, 2019",65,6.5,Action
Neptunia x Senran Kagura: Ninja Wars,"April 19, 2022",65,6.8,Role-Playing
Kill la Kill: IF,"July 26, 2019",65,6.7,Action Adventure
198X,"January 23, 2020",65,7.0,Action
Eiyuden Chronicle: Rising,"May 10, 2022",65,5.9,Role-Playing
Breakout: Recharged,"February 10, 2022",65,5.0,Action
Maneater,"May 25, 2021",65,7.0,Action Adventure
Minabo - A walk through life,"April 28, 2023",65,tbd,Simulation
Titan Quest,"July 31, 2018",65,6.9,Role-Playing
Dead or School,"March 13, 2020",65,6.8,Role-Playing
Blanc,"February 14, 2023",65,5.1,Adventure
Alex Kidd in Miracle World DX,"June 22, 2021",65,6.4,Action
Battle Princess Madelyn,"December 20, 2018",65,6.4,Action
Poi: Explorer Edition,"October 23, 2017",65,6.9,Action
EGGLIA Rebirth,"February 10, 2022",65,tbd,Role-Playing
Bee Simulator,"November 12, 2019",65,6.0,Simulation
Morphite,"November 2, 2017",65,6.6,Action Adventure
NeoGeo Pocket Color Selection Vol. 2,"November 9, 2022",65,tbd,Miscellaneous
Gekido: Kintaro's Revenge,"March 22, 2018",65,6.6,Action
Human: Fall Flat,"December 7, 2017",65,7.0,Action Adventure
AO Tennis 2,"February 11, 2020",64,6.1,Sports
Gear.Club Unlimited,"November 21, 2017",64,6.5,Action
Star Wars Jedi Knight II: Jedi Outcast,"September 24, 2019",64,5.3,Action Adventure
Nickelodeon Kart Racers 3: Slime Speedway,"October 14, 2022",64,5.8,Racing
Pokemon Quest,"May 29, 2018",64,6.0,Role-Playing
Vesta,"January 19, 2018",64,6.2,Action Adventure
League of Evil,"August 31, 2017",64,6.1,Action
Dragon Star Varnir,"August 3, 2021",64,tbd,Role-Playing
Pokemon Cafe Mix,"June 23, 2020",64,6.5,Puzzle
Touhou Genso Wanderer Reloaded,"July 17, 2018",64,7.0,Role-Playing
NUTS,"February 4, 2021",64,tbd,Adventure
Little Town Hero,"October 16, 2019",64,4.7,Role-Playing
PUSS!,"February 19, 2021",64,7.5,Puzzle
Dr. Kawashima's Brain Training for Nintendo Switch,"January 3, 2020",64,6.4,Miscellaneous
Made in Abyss: Binary Star Falling into Darkness,"September 2, 2022",64,5.9,Role-Playing
WRC 9 FIA World Rally Championship,"March 11, 2021",64,4.7,Racing
Urban Trial Tricky,"June 25, 2020",64,7.6,Sports
Seven Pirates H,"May 12, 2022",64,8.0,Role-Playing
Rock of Ages 3: Make & Break,"July 21, 2020",64,7.7,Action
SIMULACRA,"December 3, 2019",64,tbd,Simulation
Townsmen: A Kingdom Rebuilt,"November 9, 2018",64,tbd,Strategy
RiME,"November 14, 2017",64,6.0,Action
Mercenaries Wings: The False Phoenix,"November 8, 2018",64,6.1,Action
The friends of Ringo Ishikawa,"April 3, 2019",64,6.5,Action
Cultist Simulator: Initiate Edition,"February 2, 2021",64,tbd,Strategy
Sleep Tight,"July 26, 2018",64,6.0,Action
Snooker 19,"August 23, 2019",64,3.6,Sports
Atelier Lydie & Suelle: The Alchemists and the Mysterious Paintings,"March 27, 2018",64,7.3,Role-Playing
InnerSpace,"January 16, 2018",63,7.1,Simulation
The World Next Door,"March 27, 2019",63,5.8,Action Adventure
Chocobo GP,"March 10, 2022",63,2.2,Racing
Penny-Punching Princess,"April 3, 2018",63,6.1,Role-Playing
Gibbon: Beyond the Trees,"May 11, 2022",63,tbd,Action
The Ramp,"March 17, 2022",63,tbd,Sports
Cobra Kai: The Karate Kid Saga Continues,"October 27, 2020",63,6.0,Action
Panzer Dragoon,"March 26, 2020",63,7.6,Action
All-Star Fruit Racing,"August 21, 2018",63,3.3,Racing
NBA Playgrounds,"May 9, 2017",63,6.5,Sports
King's Bounty II,"August 24, 2021",63,4.6,Strategy
State of Mind,"August 15, 2018",63,7.4,Action Adventure
Lost in Harmony,"June 21, 2018",63,6.2,Action
TT Isle of Man: Ride On The Edge 2,"May 14, 2020",63,4.6,Racing
BAFL: Brakes Are For Losers,"April 19, 2018",63,tbd,Racing
Cat Girl Without Salad: Amuse-Bouche,"April 1, 2020",63,tbd,Action
The Lost Child,"June 19, 2018",63,6.7,Role-Playing
The Way Remastered,"April 20, 2018",63,6.8,Action
Fire Emblem: Shadow Dragon & the Blade of Light,"December 4, 2020",63,7.8,Strategy
Windbound,"August 28, 2020",63,6.8,Action Adventure
Super Monkey Ball: Banana Blitz HD,"October 29, 2019",63,5.0,Miscellaneous
Torchlight III,"October 22, 2020",63,6.7,Role-Playing
Mosaic,"January 23, 2020",63,tbd,Adventure
Tales of Symphonia Remastered,"February 17, 2023",63,3.0,Role-Playing
YIIK: A Postmodern RPG,"January 17, 2019",63,4.9,Role-Playing
Save Koch,"March 6, 2020",63,6.8,Strategy
Taito Milestones,"April 15, 2022",63,tbd,Miscellaneous
Stela,"March 13, 2020",63,5.0,Action
Dragon Quest,"September 27, 2019",63,7.1,Role-Playing
Garage,"May 10, 2018",63,6.8,Action Adventure
Disney Tsum Tsum Festival,"November 8, 2019",63,4.3,Miscellaneous
The Low Road,"August 23, 2018",63,tbd,Adventure
Etherborn,"July 18, 2019",62,7.5,Action
Astria Ascending,"September 30, 2021",62,7.3,Role-Playing
Bookbound Brigade,"January 30, 2020",62,tbd,Action
Go Vacation,"July 27, 2018",62,7.6,Miscellaneous
Monark,"February 22, 2022",62,5.4,Role-Playing
The Last Remnant Remastered,"June 10, 2019",62,7.1,Role-Playing
Super Bomberman R,"March 3, 2017",62,6.7,Puzzle
Sniper Elite V2 Remastered,"May 14, 2019",62,7.1,Action
Lost Ember,"September 24, 2020",62,tbd,Action Adventure
The Coma: Recut,"December 21, 2017",62,6.4,Action Adventure
Override: Mech City Brawl,"October 15, 2019",62,tbd,Action
Digimon World: Next Order,"February 22, 2023",62,5.9,Role-Playing
Jurassic World Aftermath Collection,"November 10, 2022",62,tbd,Miscellaneous
Gal*Gun 2,"April 24, 2018",62,6.9,Action
Senran Kagura: Peach Ball,"July 9, 2019",62,7.8,Action
Hokko Life,"September 27, 2022",62,tbd,Simulation
Neverout,"July 10, 2018",62,7.6,Puzzle
Trailblazers,"November 15, 2018",62,6.7,Racing
Space Crew,"October 15, 2020",62,tbd,Simulation
Rad Rodgers: Radical Edition,"February 26, 2019",62,4.0,Action
NEOVERSE: Trinity Edition,"January 21, 2021",62,tbd,Role-Playing
Galak-Z: Variant S,"July 12, 2018",62,6.3,Action
Super Neptunia RPG,"June 25, 2019",62,5.7,Role-Playing
Giraffe and Annika,"August 25, 2020",62,6.0,Adventure
TurtlePop: Journey to Freedom,"March 9, 2018",62,tbd,Puzzle
World's End Club,"May 28, 2021",62,6.7,Action Adventure
Yu-Gi-Oh! RUSH DUEL: Dawn of the Battle Royale!!,"December 7, 2021",62,6.2,Strategy
Fatal Fury: First Contact,"December 23, 2020",62,tbd,Action
Raging Justice,"May 8, 2018",62,5.9,Action
Power Rangers: Battle for the Grid,"March 26, 2019",62,6.5,Action
Haunted Dungeons: Hyakki Castle,"August 30, 2018",62,tbd,Role-Playing
Sphinx and the Cursed Mummy,"January 29, 2019",61,7.1,Action Adventure
Gal Metal,"October 30, 2018",61,5.5,Action
WRC 8 FIA World Rally Championship,"October 31, 2019",61,5.5,Racing
Arcade Classics Anniversary Collection,"April 18, 2019",61,5.0,Miscellaneous
The Sinking City,"September 12, 2019",61,8.1,Action Adventure
Skully,"August 4, 2020",61,7.1,Action
Poison Control,"April 13, 2021",61,5.8,Role-Playing
Seven Knights -Time Wanderer-,"November 5, 2020",61,tbd,Role-Playing
Infini,"July 3, 2020",61,7.8,Adventure
Dead by Daylight,"September 24, 2019",61,3.3,Action Adventure
Staxel,"September 23, 2021",61,tbd,Strategy
Sheltered,"December 18, 2018",61,tbd,Strategy
Ganryu 2: Hakuma Kojiro,"April 22, 2022",61,tbd,Action
Panorama Cotton,"October 29, 2021",61,tbd,Action
Curse of the Sea Rats,"April 6, 2023",61,1.9,Action
Detective Gallo,"August 17, 2018",61,6.0,Adventure
Ninja Shodown,"October 5, 2017",61,tbd,Miscellaneous
Deiland: Pocket Planet Edition,"April 15, 2021",61,tbd,Action Adventure
Georifters,"September 18, 2020",61,tbd,Action
Crimsonland,"November 24, 2017",61,6.2,Action
Asphalt 9: Legends,"October 8, 2019",61,6.4,Racing
Shadow Corridor,"October 26, 2021",61,tbd,Action Adventure
Asterix & Obelix XXL 2,"November 29, 2018",61,5.5,Action
RemiLore: Lost Girl in the Lands of Lore,"February 26, 2019",61,5.3,Action
Catan,"June 20, 2019",61,2.5,Miscellaneous
Zoids Wild: Blast Unleashed,"October 16, 2020",61,tbd,Action
Aka,"December 14, 2022",60,tbd,Simulation
Super Cane Magic ZERO,"May 30, 2019",60,6.4,Role-Playing
BRAWL,"January 12, 2018",60,4.6,Action
Final Fantasy Crystal Chronicles: Remastered Edition,"August 27, 2020",60,4.5,Role-Playing
The Caligula Effect: Overdose,"March 12, 2019",60,6.3,Role-Playing
Dragon Quest II: Luminaries of the Legendary Line,"September 27, 2019",60,6.1,Role-Playing
The Bunker,"April 9, 2018",60,1.8,Adventure
Payday 2,"February 27, 2018",60,5.0,Action
SNK Heroines: Tag Team Frenzy,"September 7, 2018",60,6.5,Action
Turok 2: Seeds of Evil Remaster,"August 9, 2019",60,7.1,Action
Shelter Generations,"April 12, 2018",60,6.0,Miscellaneous
Rogue Trooper Redux,"October 17, 2017",60,6.4,Action
I and Me,"July 13, 2017",60,6.7,Action
Brawlout,"December 19, 2017",60,5.7,Action
Riverbond,"December 10, 2019",60,tbd,Action
Best Friend Forever,"August 27, 2020",60,4.4,Adventure
WRITHE,"January 15, 2021",60,8.2,Action
Gigantosaurus: The Game,"March 27, 2020",60,tbd,Action Adventure
Mega Man X Legacy Collection 2,"July 24, 2018",60,4.3,Miscellaneous
Assassin's Creed III Remastered,"May 21, 2019",60,6.8,Action Adventure
Warriors Orochi 4,"October 16, 2018",60,7.1,Action
Zombie Driver: Immortal Edition,"July 25, 2019",60,tbd,Action
Snow Bros. Nick & Tom Special,"May 19, 2022",60,tbd,Action
Claybook,"March 12, 2019",60,5.7,Action
Dusk Diver 2,"August 30, 2022",60,tbd,Action
Farming Simulator 20,"December 3, 2019",59,2.2,Simulation
Liberated,"June 2, 2020",59,6.7,Action Adventure
The Dark Crystal: Age of Resistance Tactics,"February 4, 2020",59,6.9,Strategy
Blair Witch,"June 25, 2020",59,6.4,Action Adventure
Surgeon Simulator CPR,"September 13, 2018",59,4.2,Simulation
Sisters Royale: Five Sisters Under Fire,"January 30, 2020",59,tbd,Action
Gods Will Fall,"January 28, 2021",59,4.7,Action Adventure
A Knight's Quest,"October 10, 2019",59,4.9,Action Adventure
LEGO Worlds,"September 5, 2017",59,6.9,Action Adventure
GRIP: Combat Racing,"November 6, 2018",59,5.7,Racing
Bright Memory: Infinite,"July 21, 2022",59,7.1,Action
RPG Maker MV,"September 8, 2020",59,7.6,Miscellaneous
Vambrace: Cold Soul,"August 29, 2019",59,6.0,Adventure
Coffee Crisis,"November 30, 2018",59,4.3,Action
Devious Dungeon,"March 30, 2018",59,6.4,Action
Astro Duel Deluxe,"May 30, 2017",59,6.6,Action
Skellboy,"January 30, 2020",59,5.8,Role-Playing
Summer in Mara,"June 16, 2020",59,7.4,Adventure
Godstrike,"April 15, 2021",59,tbd,Action
Our World Is Ended.,"April 18, 2019",59,7.3,Adventure
Spirit of the North,"May 7, 2020",59,7.1,Adventure
Disaster Report 4: Summer Memories,"April 7, 2020",59,7.2,Action Adventure
Warlocks 2: God Slayers,"June 7, 2019",59,5.8,Role-Playing
12 is Better Than 6,"March 5, 2019",59,7.4,Action
Disney/Pixar Cars 3: Driven to Win,"June 13, 2017",59,5.7,Racing
Tharsis,"April 11, 2020",58,tbd,Miscellaneous
Truberbrook,"April 17, 2019",58,5.6,Adventure
Oddworld: Munch's Oddysee HD,"May 14, 2020",58,7.3,Action Adventure
Darksiders III,"September 30, 2021",58,8.4,Action Adventure
Stitchy in Tooki Trouble,"April 15, 2021",58,tbd,Action
Ary and the Secret of Seasons,"September 1, 2020",58,5.2,Action Adventure
Ritual: Crown of Horns,"November 7, 2019",58,7.3,Action
Venture Kid,"May 2, 2019",58,6.9,Action
Sword of the Necromancer,"January 28, 2021",58,7.6,Role-Playing
1-2-Switch,"March 3, 2017",58,4.8,Miscellaneous
WitchSpring3 Re:Fine - The Story of Eirudy,"August 13, 2021",58,tbd,Role-Playing
Viviette,"December 20, 2018",58,6.8,Adventure
SINNER: Sacrifice for Redemption,"October 18, 2018",58,5.4,Action Adventure
This is the Police 2,"September 25, 2018",58,5.2,Simulation
The Long Reach,"March 15, 2018",58,6.3,Action Adventure
Stranded Sails: Explorers of the Cursed Islands,"October 17, 2019",57,6.2,Action Adventure
Monster Harvest,"August 31, 2021",57,4.0,Role-Playing
The Princess Guide,"March 26, 2019",57,4.6,Strategy
Sonic Forces,"November 7, 2017",57,6.6,Action
Calico,"December 15, 2020",57,6.3,Simulation
Destiny Connect: Tick-Tock Travelers,"October 22, 2019",57,6.1,Role-Playing
Gear.Club Unlimited 2,"December 4, 2018",57,5.5,Racing
THE HOUSE OF THE DEAD: Remake,"April 7, 2022",57,7.5,Action
Astro Bears Party,"September 28, 2017",57,6.7,Action
Iro Hero,"June 7, 2018",57,tbd,Action
Lila's Sky Ark,"April 21, 2022",57,tbd,Adventure
The Hong Kong Massacre,"December 26, 2020",56,8.0,Action
Warplanes: WW2 Dogfight,"February 21, 2019",56,5.2,Simulation
House Flipper,"June 12, 2020",56,7.1,Simulation
Neverwinter Nights: Enhanced Edition,"December 3, 2019",56,4.6,Role-Playing
Deadly Premonition 2: A Blessing in Disguise,"July 10, 2020",56,5.5,Action Adventure
The LEGO Movie 2 Videogame,"March 26, 2019",56,5.7,Action Adventure
Date Night Bowling,"November 26, 2021",56,tbd,Sports
Soccer Story,"November 29, 2022",56,tbd,Role-Playing
WWE 2K Battlegrounds,"September 18, 2020",56,4.3,Sports
RollerCoaster Tycoon Adventures,"December 13, 2018",56,4.4,Strategy
Bob Help Them,"March 11, 2021",56,tbd,Simulation
Close to the Sun,"October 29, 2019",55,5.3,Adventure
Othello,"March 23, 2017",55,6.3,Miscellaneous
Half Past Fate: Romantic Distancing,"February 14, 2021",55,tbd,Adventure
Solo: Islands of the Heart,"August 1, 2019",55,tbd,Puzzle
Nadir: A Grimdark Deck Builder,"February 7, 2023",55,tbd,Strategy
Galaxy Warfighter,"April 16, 2020",55,tbd,Action
Suicide Guy,"May 10, 2018",55,6.2,Action Adventure
GERRRMS,"July 23, 2020",55,tbd,Action
Sense: A Cyberpunk Ghost Story,"January 7, 2021",55,5.0,Adventure
Feather,"April 5, 2019",54,6.0,Simulation
Bitlogic - A Cyberpunk Arcade Adventure,"June 27, 2019",54,tbd,Action
Rustler,"August 31, 2021",54,4.8,Action Adventure
Jumping Joe & Friends,"May 25, 2018",54,5.5,Action
Apex Legends,"March 9, 2021",54,5.6,Action
Dungeon Munchies,"December 15, 2021",54,tbd,Role-Playing
Radiation Island,"February 22, 2018",54,6.8,Action
Stubbs the Zombie in Rebel Without a Pulse,"March 16, 2021",54,6.6,Action Adventure
Danganronpa S: Ultimate Summer Camp,"December 3, 2021",54,5.2,Miscellaneous
Harvest Moon: One World,"March 2, 2021",54,4.3,Strategy
Sports Story,"December 23, 2022",54,2.0,Role-Playing
Creepy Tale,"July 10, 2020",54,6.0,Adventure
Dynasty Warriors 9 Empires,"February 15, 2022",54,9.4,Action
Legend of Kay Anniversary,"May 29, 2018",54,5.3,Action Adventure
SkateBIRD,"September 16, 2021",54,2.9,Sports
Whipseey and the Lost Atlas,"August 27, 2019",54,6.6,Action
Hamsterdam,"August 1, 2019",54,tbd,Action
Cast of the Seven Godsends,"April 18, 2018",54,tbd,Action
Legendary Eleven,"June 8, 2018",54,6.0,Sports
Cloudpunk,"October 15, 2020",54,4.0,Simulation
The Padre,"April 18, 2019",54,tbd,Adventure
Bakugan: Champions of Vestroia,"November 3, 2020",53,4.5,Role-Playing
The Game of Life 2,"March 29, 2021",53,tbd,Miscellaneous
Castle of Heart,"March 23, 2018",53,7.0,Action Adventure
Little Friends: Dogs & Cats,"May 28, 2019",53,3.8,Simulation
Akiba's Trip: Hellbound & Debriefed,"July 20, 2021",53,6.6,Action
Flip Wars,"July 6, 2017",53,5.9,Puzzle
Five Nights at Freddy's: Help Wanted,"May 21, 2020",53,6.8,Action Adventure
Monopoly for Nintendo Switch,"October 31, 2017",53,5.7,Miscellaneous
Has-Been Heroes,"March 28, 2017",53,7.2,Strategy
Hover,"September 20, 2018",53,6.4,Action
Stranger Things 3: The Game,"July 4, 2019",53,6.5,Action Adventure
Youtubers Life: OMG Edition,"November 20, 2018",53,6.2,Simulation
Blade Runner: Enhanced Edition,"June 23, 2022",52,4.8,Adventure
Hellpoint,"February 25, 2021",52,4.8,Role-Playing
Leisure Suit Larry: Wet Dreams Don't Dry,"June 13, 2019",52,5.5,Adventure
Commandos 2 HD Remaster,"December 4, 2020",52,3.8,Strategy
Last Encounter,"February 21, 2020",52,tbd,Action
Unbox: Newbie's Adventure,"November 21, 2017",52,6.1,Action
Caveman Warriors,"December 5, 2017",52,5.6,Action
Star Horizon,"May 14, 2020",52,tbd,Action
New Frontier Days: Founding Pioneers,"March 3, 2017",52,4.6,Strategy
ACORN Tactics,"December 7, 2017",51,tbd,Strategy
V-Rally 4,"February 5, 2019",51,4.9,Racing
Taxi Chaos,"February 23, 2021",51,5.8,Simulation
Baseball Riot,"January 19, 2018",51,6.3,Puzzle
Clive 'N' Wrench,"February 24, 2023",50,tbd,Action
Devil May Cry 2,"September 19, 2019",50,7.5,Action Adventure
The Good Life,"October 15, 2021",50,6.1,Role-Playing
Empire of Sin,"December 1, 2020",50,7.3,Action Adventure
Picklock,"November 26, 2020",50,tbd,Action Adventure
Drawn to Life: Two Realms,"December 7, 2020",50,4.6,Action Adventure
Modern Combat: Blackout,"February 14, 2019",50,4.0,Action
Jump Force: Deluxe Edition,"August 28, 2020",50,7.4,Action
Milanoir,"May 31, 2018",50,5.0,Role-Playing
The Forbidden Arts,"August 7, 2019",50,tbd,Action Adventure
Adventure Time: Pirates of the Enchiridion,"July 17, 2018",50,5.0,Role-Playing
Ice Age: Scrat's Nutty Adventure,"October 18, 2019",49,4.4,N/A
The Unexpected Quest,"January 23, 2021",49,6.7,Strategy
Shaq Fu: A Legend Reborn,"June 5, 2018",49,6.3,N/A
Carnival Games for Nintendo Switch,"November 6, 2018",49,3.5,Miscellaneous
YesterMorrow,"November 5, 2020",49,tbd,Action
Morphies Law,"August 20, 2018",48,5.5,Action
Thief of Thieves: Season One,"November 12, 2019",47,tbd,Adventure
Scribblenauts Showdown,"March 6, 2018",47,4.3,Puzzle
PONG Quest,"May 7, 2020",47,tbd,Action
Cooking Mama: Cookstar,"March 31, 2020",46,6.7,General
Desert Child,"December 11, 2018",46,6.7,Racing
Grand Theft Auto: The Trilogy - The Definitive Edition,"November 11, 2021",46,0.9,Miscellaneous
Soulblight,"October 4, 2018",46,tbd,Role-Playing
Make War,"April 16, 2020",46,7.4,Strategy
AeternoBlade II,"October 11, 2019",44,4.2,Action
Fimbul,"February 28, 2019",44,tbd,Action Adventure
Vaccine,"July 6, 2017",44,4.2,Action Adventure
FIFA 20: Legacy Edition,"September 27, 2019",43,0.9,Sports
XEL,"July 14, 2022",43,tbd,General
The Elder Scrolls: Blades,"May 14, 2020",42,2.5,Role-Playing
Contra: Rogue Corps,"September 24, 2019",42,4.8,Action
Gleamlight,"August 20, 2020",42,2.5,Action
Nickelodeon Kart Racers,"October 23, 2018",41,4.8,Racing
Senran Kagura Reflexions,"September 13, 2018",39,7.7,Action
Hello Neighbor,"July 27, 2018",39,3.9,Adventure
The Deer God,"December 21, 2017",39,2.5,Action
Blades of Time,"May 14, 2019",38,5.3,Action
Touhou Kobuto V: Burst Battle,"October 10, 2017",38,5.1,Action
Hollow,"February 22, 2018",36,4.4,Action Adventure
Balan Wonderworld,"March 26, 2021",36,4.5,Action
Arc of Alchemist,"January 30, 2020",36,3.3,Role-Playing
Fantasy Hero: Unsigned Legacy,"January 25, 2018",34,4.1,Role-Playing
ARK: Survival Evolved,"November 30, 2018",29,2.8,Action Adventure
Tiny Racer,"July 31, 2020",29,6.8,Racing
Vroom in the Night Sky,"April 5, 2017",17,3.3,Sports
